id,gender,masterCategory,subCategory,articleType,baseColour,season,year,usage,productDisplayName,image
15970,Men,Apparel,Topwear,Shirts,Navy Blue,Fall,2011.0,Casual,Turtle Check Men Navy Blue Shirt,15970.jpg
39386,Men,Apparel,Bottomwear,Jeans,Blue,Summer,2012.0,Casual,Peter England Men Party Blue Jeans,39386.jpg
59263,Women,Accessories,Watches,Watches,Silver,Winter,2016.0,Casual,Titan Women Silver Watch,59263.jpg
21379,Men,Apparel,Bottomwear,Track Pants,Black,Fall,2011.0,Casual,Manchester United Men Solid Black Track Pants,21379.jpg
53759,Men,Apparel,Topwear,Tshirts,Grey,Summer,2012.0,Casual,Puma Men Grey T-shirt,53759.jpg
1855,Men,Apparel,Topwear,Tshirts,Grey,Summer,2011.0,Casual,Inkfruit Mens Chain Reaction T-shirt,1855.jpg
30805,Men,Apparel,Topwear,Shirts,Green,Summer,2012.0,Ethnic,Fabindia Men Striped Green Shirt,30805.jpg
26960,Women,Apparel,Topwear,Shirts,Purple,Summer,2012.0,Casual,Jealous 21 Women Purple Shirt,26960.jpg
29114,Men,Accessories,Socks,Socks,Navy Blue,Summer,2012.0,Casual,Puma Men Pack of 3 Socks,29114.jpg
30039,Men,Accessories,Watches,Watches,Black,Winter,2016.0,Casual,Skagen Men Black Watch,30039.jpg
9204,Men,Footwear,Shoes,Casual Shoes,Black,Summer,2011.0,Casual,Puma Men Future Cat Remix SF Black Casual Shoes,9204.jpg
48123,Women,Accessories,Belts,Belts,Black,Summer,2012.0,Casual,Fossil Women Black Huarache Weave Belt,48123.jpg
18653,Men,Footwear,Flip Flops,Flip Flops,Black,Fall,2011.0,Casual,Fila Men Cush Flex Black Slippers,18653.jpg
47957,Women,Accessories,Bags,Handbags,Blue,Summer,2012.0,Casual,Murcia Women Blue Handbag,47957.jpg
46885,Boys,Footwear,Flip Flops,Flip Flops,Navy Blue,Fall,2012.0,Casual,Ben 10 Boys Navy Blue Slippers,46885.jpg
12369,Men,Apparel,Topwear,Shirts,Purple,Fall,2011.0,Formal,Reid & Taylor Men Check Purple Shirts,12369.jpg
29928,Men,Accessories,Watches,Watches,Black,Winter,2016.0,Casual,Police Men Black Dial Watch PL12889JVSB,29928.jpg
42419,Girls,Apparel,Topwear,Tops,White,Summer,2012.0,Casual,Gini and Jony Girls Knit White Top,42419.jpg
51832,Women,Apparel,Innerwear,Bra,Beige,Summer,2016.0,Casual,Bwitch Beige Full-Coverage Bra BW335,51832.jpg
47359,Women,Accessories,Bags,Handbags,Brown,Summer,2012.0,Casual,Baggit Women Brown Handbag,47359.jpg
17429,Men,Accessories,Watches,Watches,Black,Winter,2016.0,Casual,CASIO G-Shock Men Black Digital Watch G-7710-1DR G223,17429.jpg
12967,Men,Footwear,Sandal,Sandals,Black,Fall,2011.0,Casual,ADIDAS Men Spry M Black Sandals,12967.jpg
6842,Unisex,Accessories,Shoe Accessories,Shoe Accessories,Black,Summer,2011.0,Casual,Timberland Unisex Rubber Sole Brush Shoe Accessories,6842.jpg
13089,Men,Apparel,Topwear,Sweatshirts,Grey,Fall,2011.0,Sports,ADIDAS Men Lfc Auth Hood Grey Sweatshirts,13089.jpg
18461,Men,Personal Care,Fragrance,Deodorant,White,Spring,2017.0,Casual,David Beckham Signature Men Deos,18461.jpg
9036,Men,Footwear,Shoes,Formal Shoes,Black,Winter,2011.0,Formal,Buckaroo Men Flores Black Formal Shoes,9036.jpg
48311,Women,Accessories,Jewellery,Bracelet,Bronze,Winter,2012.0,Casual,Pitaraa Women Bronze Beaded Bracelet,48311.jpg
7990,Men,Apparel,Topwear,Tshirts,Navy Blue,Fall,2011.0,Sports,Fila Men's Round Neck Navy Blue T-shirt,7990.jpg
56019,Women,Personal Care,Lips,Lipstick,Brown,Spring,2017.0,Casual,Colorbar Soft Touch Show Stopper Copper Lipstick 037,56019.jpg
21977,Women,Accessories,Bags,Handbags,Brown,Winter,2015.0,Casual,Murcia Women Casual Brown Handbag,21977.jpg
37812,Men,Apparel,Topwear,Shirts,Navy Blue,Summer,2012.0,Formal,John Players Men Navy Blue Shirt,37812.jpg
4729,Boys,Apparel,Topwear,Tshirts,Green,Summer,2011.0,Casual,Disney Kids Boy's Crew Sea Life Sialing Green Teen Kidswear,4729.jpg
56825,Men,Apparel,Topwear,Shirts,Brown,Summer,2012.0,Casual,John Players Men Brown Shirt,56825.jpg
39988,Men,Footwear,Shoes,Casual Shoes,White,Winter,2014.0,Casual,Gas Men Europa White Shoes,39988.jpg
59051,Women,Footwear,Shoes,Flats,Black,Winter,2012.0,Casual,Carlton London Women Black & Gold Toned Flats,59051.jpg
20099,Women,Apparel,Topwear,Kurtas,Green,Fall,2011.0,Ethnic,Diva Women Embroided Green Kurta,20099.jpg
58183,Women,Accessories,Bags,Handbags,White,Summer,2012.0,Casual,Rocky S Women White Handbag,58183.jpg
29742,Women,Accessories,Bags,Handbags,Teal,Summer,2012.0,Casual,Kiara Women Teal Handbag,29742.jpg
51658,Women,Accessories,Watches,Watches,Copper,Winter,2016.0,Casual,Fossil Women Copper Chronograph Watch CH2589,51658.jpg
3954,Women,Apparel,Topwear,Tshirts,Pink,Summer,2011.0,Casual,Jealous 21 Women's Pink T-shirt,3954.jpg
18839,Men,Accessories,Belts,Belts,Black,Fall,2011.0,Formal,Peter England Men Formal Black Belt,18839.jpg
2886,Women,Footwear,Shoes,Flats,Brown,Winter,2015.0,Casual,Catwalk Women Leather Brown Flats,2886.jpg
23278,Men,Accessories,Watches,Watches,Off White,Winter,2016.0,Casual,Maxima Ssteele Men Off White Watch,23278.jpg
28690,Women,Apparel,Topwear,Kurtas,Beige,Summer,2012.0,Ethnic,W Women Printed Beige Kurta,28690.jpg
8580,Men,Apparel,Topwear,Waistcoat,Grey,Fall,2011.0,Casual,Scullers Men  Grey Waistcoat,8580.jpg
3168,Men,Footwear,Shoes,Sports Shoes,White,Fall,2010.0,Sports,Nike Men's Incinerate MSL White Blue Shoe,3168.jpg
18005,Men,Apparel,Bottomwear,Shorts,Black,Summer,2011.0,Sports,Puma Men Long Logo Black Bermuda,18005.jpg
17871,Men,Apparel,Innerwear,Briefs,Maroon,Winter,2016.0,Casual,Levis Men Boxer Maroon Brief,17871.jpg
9452,Men,Apparel,Topwear,Shirts,Red,Fall,2011.0,Formal,John Miller Men Stripes White Red Shirts,9452.jpg
38402,Women,Accessories,Belts,Belts,Black,Summer,2012.0,Casual,Baggit Women Hood Dabang Black Belt,38402.jpg
44984,Women,Accessories,Watches,Watches,White,Winter,2016.0,Casual,Maxima Women White Dial Watch,44984.jpg
10268,Men,Footwear,Shoes,Formal Shoes,Black,Fall,2012.0,Formal,Clarks Men Hang Work Leather Black Formal Shoes,10268.jpg
45856,Women,Apparel,Topwear,Kurtas,Brown,Summer,2012.0,Ethnic,Vishudh Women Brown Kurta,45856.jpg
32138,Men,Apparel,Innerwear,Briefs,Blue,Summer,2016.0,Casual,Playboy Men Blue Titanium Briefs,32138.jpg
59435,Men,Footwear,Shoes,Formal Shoes,Black,Summer,2012.0,Formal,Arrow Men Black Formal Shoes,59435.jpg
5891,Men,Apparel,Topwear,Tshirts,Black,Summer,2011.0,Casual,Puma Men's Stripe Polo Black T-shirt,5891.jpg
38630,Women,Apparel,Topwear,Tshirts,Purple,Summer,2012.0,Casual,Nike Women Purple Polo T-shirt,38630.jpg
4943,Men,Apparel,Topwear,Shirts,White,Summer,2011.0,Casual,Gini and Jony Boy's Kaleb White Brown Kidswear,4943.jpg
11188,Men,Accessories,Watches,Watches,Silver,Winter,2016.0,Casual,Carrera Men Dial steel finish strap Silver Watches,11188.jpg
10866,Men,Apparel,Topwear,Tshirts,Red,Fall,2011.0,Casual,Wrangler Men Motor Rider Red T-Shirts,10866.jpg
59607,Women,Apparel,Saree,Sarees,Grey,Fall,2012.0,Ethnic,FNF Pink & Grey Wedding Collection Sari,59607.jpg
15528,Men,Apparel,Topwear,Tshirts,Black,Fall,2011.0,Casual,Puma Men Scribble Black Tshirts,15528.jpg
45258,Men,Accessories,Watches,Watches,Black,Winter,2016.0,Casual,CASIO EDIFICE Men Black Dial Chronograph Watch ED60,45258.jpg
42841,Women,Accessories,Bags,Handbags,Beige,Summer,2012.0,Casual,French Connection Women Beige Handbag,42841.jpg
22198,Men,Footwear,Shoes,Casual Shoes,Black,Fall,2012.0,Casual,Timberland Men Black Casual Shoes,22198.jpg
29570,Men,Footwear,Shoes,Casual Shoes,Purple,Summer,2012.0,Casual,Vans Men Classic Slip-On Purple & Black Shoes,29570.jpg
43993,Women,Personal Care,Fragrance,Perfume and Body Mist,Pink,Spring,2017.0,Casual,Police Women Passion Perfume,43993.jpg
6628,Men,Footwear,Shoes,Sports Shoes,White,Summer,2011.0,Sports,ADIDAS Men's Lowell White Silver Shoe,6628.jpg
54924,Men,Apparel,Bottomwear,Shorts,Blue,Summer,2012.0,Casual,Do U Speak Green Men Blue Shorts,54924.jpg
26538,Men,Footwear,Shoes,Casual Shoes,Red,Fall,2012.0,Casual,ID Men Red Shoes,26538.jpg
35913,Women,Accessories,Bags,Handbags,Black,Summer,2012.0,Casual,Peperone Women Black & White Handbag,35913.jpg
49495,Men,Footwear,Shoes,Casual Shoes,Khaki,Summer,2012.0,Casual,Vans Men Khaki Shoes,49495.jpg
9660,Men,Apparel,Topwear,Shirts,Pink,Fall,2011.0,Casual,Indigo Nation Men Reversible Bling Pink Shirts,9660.jpg
2288,Women,Apparel,Topwear,Tshirts,Black,Fall,2010.0,Sports,Nike Women Black T-shirt,2288.jpg
23876,Men,Apparel,Topwear,Sweatshirts,Blue,Fall,2011.0,Casual,ADIDAS Men Blue Sweatshirt,23876.jpg
18237,Men,Apparel,Topwear,Tshirts,Red,Fall,2011.0,Casual,Manchester United Men Solid Red Tshirt,18237.jpg
54118,Women,Footwear,Shoes,Heels,Black,Winter,2012.0,Casual,Rocia Women Black Flats,54118.jpg
2872,Women,Footwear,Shoes,Heels,Brown,Winter,2015.0,Casual,Catwalk Women Leather Flats,2872.jpg
49653,Women,Apparel,Topwear,Tops,Green,Summer,2012.0,Casual,Mineral Women Green Top,49653.jpg
8574,Women,Footwear,Sandal,Sandals,Pink,Fall,2011.0,Casual,Crocs Dora Boots Pink Sandals,8574.jpg
16957,Men,Accessories,Eyewear,Sunglasses,Black,Winter,2016.0,Casual,Image Men Sunglasses,16957.jpg
19123,Men,Footwear,Flip Flops,Flip Flops,Silver,Fall,2011.0,Casual,Lotto Men XL Water Man Silver Slippers,19123.jpg
13419,Men,Apparel,Topwear,Tshirts,Pink,Summer,2011.0,Casual,United Colors of Benetton Men Solid Pink Polo T-shirts,13419.jpg
17885,Men,Apparel,Innerwear,Innerwear Vests,Grey,Summer,2016.0,Casual,Levis Men Comfort Style Grey Innerwear Vest,17885.jpg
43369,Men,Footwear,Flip Flops,Flip Flops,Black,Summer,2013.0,Casual,Reebok Men Black Possession Flip Flops,43369.jpg
48781,Women,Accessories,Jewellery,Pendant,Silver,Summer,2012.0,Casual,Lucera Women Silver Pendant,48781.jpg
44970,Men,Accessories,Watches,Watches,White,Winter,2016.0,Casual,Maxima Men White Dial Analog Chronograph Watch,44970.jpg
56489,Women,Personal Care,Nails,Nail Polish,Bronze,Spring,2017.0,,Streetwear Ash Nail Polish # 31,56489.jpg
39524,Unisex,Accessories,Bags,Laptop Bag,Orange,Summer,2012.0,Casual,Peter England Unisex Orange Sleeve Bag,39524.jpg
33822,Men,Footwear,Shoes,Sports Shoes,White,Summer,2012.0,Sports,Puma Men Axis White & Grey Sports Shoes,33822.jpg
58513,Women,Apparel,Topwear,Tops,Off White,Summer,2012.0,Casual,Tonga Women Maroon Top,58513.jpg
25947,Women,Accessories,Scarves,Scarves,Brown,Summer,2012.0,Casual,Femella Women Brown Scarf,25947.jpg
52029,Unisex,Apparel,Topwear,Rain Jacket,Coffee Brown,Summer,2012.0,,Just Natural Unisex Charcoal Rain Jacket,52029.jpg
5865,Men,Apparel,Topwear,Tshirts,Black,Summer,2011.0,Casual,ADIDAS Men's Twelve Faster T-shirt,5865.jpg
39716,Women,Apparel,Dress,Dresses,Blue,Summer,2012.0,Casual,Arrow Woman Women Blue Dress,39716.jpg
25349,Men,Apparel,Innerwear,Briefs,Red,Summer,2016.0,Casual,Levis Men Red Brief,25349.jpg
11940,Men,Footwear,Sandal,Sandals,Black,Summer,2011.0,Casual,Ganuchi Men Casual Black Sandals,11940.jpg
55802,Women,Apparel,Loungewear and Nightwear,Night suits,White,Summer,2017.0,Casual,SDL by Sweet Dreams Women Green Printed Night Suit S11-3124,55802.jpg
29584,Men,Apparel,Topwear,Tshirts,Black,Summer,2012.0,Casual,Indigo Nation Men Printed Black T-shirt,29584.jpg
43967,Women,Personal Care,Fragrance,Perfume and Body Mist,Red,Spring,2017.0,Casual,DKNY Women Red Delicious Perfume,43967.jpg
28456,Women,Apparel,Bottomwear,Skirts,Blue,Summer,2012.0,Sports,Urban Yoga Women Blue Skirt With Leggings,28456.jpg
34009,Girls,Apparel,Topwear,Tops,Black,Summer,2012.0,Casual,Gini and Jony Girls Black Top,34009.jpg
19311,Men,Footwear,Shoes,Casual Shoes,White,Fall,2011.0,Casual,Nike Men Air Rift MTR White Casual Shoe,19311.jpg
42089,Men,Footwear,Shoes,Sports Shoes,White,Summer,2012.0,Sports,ADIDAS Men White Corona Sports Shoes,42089.jpg
22950,Unisex,Accessories,Watches,Watches,Black,Winter,2016.0,Casual,Fastrack Unisex Black Dial Watch 9915PP13,22950.jpg
49461,Men,Footwear,Shoes,Casual Shoes,Blue,Summer,2012.0,Casual,Vans Men Blue Era Scilla Plaid Shoes,49461.jpg
8746,Unisex,Footwear,Flip Flops,Flip Flops,Navy Blue,Summer,2015.0,Casual,Crocs Kids Navy Blue Clogs,8746.jpg
9694,Men,Apparel,Topwear,Tshirts,White,Fall,2011.0,Casual,Classic Polo Men Vulcan White Polo Tshirts,9694.jpg
23882,Men,Footwear,Shoes,Sports Shoes,Grey,Fall,2011.0,Sports,Fila Men Destiny Grey Sports Shoes,23882.jpg
34835,Men,Footwear,Shoes,Sports Shoes,Blue,Summer,2012.0,Sports,ADIDAS Men Blue Chill Sports Shoes,34835.jpg
15984,Men,Apparel,Topwear,Shirts,Yellow,Fall,2011.0,Casual,Turtle Check Men Yellow Shirt,15984.jpg
41268,Men,Accessories,Wallets,Wallets,Black,Summer,2012.0,Casual,Arrow Men Black Wallet,41268.jpg
11518,Women,Footwear,Shoes,Heels,Grey,Winter,2015.0,Casual,Catwalk Women Gun Metal Grey Heels,11518.jpg
14856,Women,Accessories,Wallets,Wallets,Beige,Summer,2011.0,Casual,United Colors of Benetton Women Solid Beige Wallets,14856.jpg
33648,Men,Footwear,Sandal,Sandals,Brown,Summer,2012.0,Casual,Lotto Men Ridge Brown Sandals,33648.jpg
59297,Men,Apparel,Topwear,Shirts,White,Fall,2012.0,Casual,U.S. Polo Assn. Men White & Navy Blue Shirt,59297.jpg
28032,Men,Apparel,Innerwear,Briefs,White,Summer,2016.0,Casual,Jockey ELANCE Men Bikini White Brief 1005,28032.jpg
27846,Women,Apparel,Topwear,Blazers,Charcoal,Summer,2012.0,Formal,Scullers For Her Charcoal Blazer,27846.jpg
26994,Women,Apparel,Bottomwear,Jeans,Black,Summer,2012.0,Casual,Jealous 21 Women Black Jeans,26994.jpg
49839,Women,Footwear,Flip Flops,Flip Flops,Red,Winter,2012.0,Casual,iPanema Women Red Flip Flops,49839.jpg
31923,Women,Accessories,Bags,Handbags,Blue,Summer,2012.0,Casual,Fabindia Women Blue Silk Sling Bag,31923.jpg
2618,Women,Footwear,Shoes,Flats,Silver,Spring,2010.0,Casual,Carlton London Women Silver Wedge Sandal,2618.jpg
54588,Women,Apparel,Topwear,Kurtas,Green,Summer,2012.0,Ethnic,Sushilas Women Printed Green Kurta,54588.jpg
49005,Women,Accessories,Jewellery,Ring,Silver,Summer,2012.0,Casual,Lucera Women Silver Ring,49005.jpg
8322,Boys,Apparel,Topwear,Tshirts,Blue,Fall,2011.0,Casual,Doodle Boy's Route 66 Biker Blue Teen Kidswear,8322.jpg
13841,Unisex,Accessories,Watches,Watches,White,Winter,2016.0,Casual,ADIDAS Unisex Three Small Dials White Watches,13841.jpg
28200,Men,Accessories,Eyewear,Sunglasses,Copper,Winter,2016.0,Casual,Ray-Ban Men Active Lifestyle Copper Sunglasses,28200.jpg
12993,Unisex,Footwear,Shoes,Sports Shoes,Black,Fall,2011.0,Sports,ADIDAS Kids Adispeed Black Sports Shoes,12993.jpg
7158,Men,Apparel,Topwear,Shirts,Green,Fall,2011.0,Casual,Scullers Men  Green Check Shirt,7158.jpg
18495,Men,Footwear,Sandal,Sandals,White,Fall,2011.0,Casual,Puma Men Fashion Cat White Slipper,18495.jpg
8110,Men,Accessories,Watches,Watches,Black,Winter,2016.0,Casual,Fastrack Men Economy 2 Analg Black Watch,8110.jpg
19547,Men,Apparel,Topwear,Sweatshirts,Blue,Fall,2011.0,Casual,United Colors of Benetton Men Solid Blue Sweatshirt,19547.jpg
7964,Men,Apparel,Topwear,Tshirts,Black,Fall,2011.0,Sports,Puma Men's Large Logo Graphic Black T-shirt,7964.jpg
36934,Women,Personal Care,Fragrance,Perfume and Body Mist,Gold,Spring,2017.0,Casual,Giorgio Armani Women Idole Perfume,36934.jpg
39140,Women,Apparel,Apparel Set,Kurta Sets,Black,Summer,2012.0,Ethnic,Aneri Women Black & Maroon Salwar Suit,39140.jpg
20851,Women,Accessories,Bags,Clutches,Red,Winter,2015.0,Casual,Spice Art Women Ribbon Embroidery Red Clutch,20851.jpg
41866,Men,Footwear,Sandal,Sandals,Beige,Fall,2015.0,Casual,Estd. 1977 Men Beige & Green Sandals,41866.jpg
58177,Women,Accessories,Bags,Handbags,Brown,Summer,2012.0,Casual,Rocky S Women Brown Handbag,58177.jpg
44528,Men,Footwear,Sandal,Sandals,Black,Summer,2012.0,Casual,Coolers Men Black Sandals,44528.jpg
16392,Men,Apparel,Topwear,Shirts,Red,Fall,2011.0,Casual,Levis Men Check Red Shirts,16392.jpg
51455,Women,Apparel,Topwear,Shrug,Pink,Summer,2012.0,Casual,Tonga Women Pink Printed Shrug,51455.jpg
50587,Men,Apparel,Innerwear,Briefs,Grey,Summer,2016.0,Casual,Chromozome Men Grey Briefs,50587.jpg
17240,Men,Apparel,Topwear,Tshirts,Black,Fall,2011.0,Casual,U.S. Polo Assn. Men Stripes Black  Polo Tshirt,17240.jpg
47530,Women,Footwear,Shoes,Flats,Copper,Winter,2012.0,Casual,Portia Women Copper-Toned & Brown Sandals,47530.jpg
6617,Men,Apparel,Topwear,Shirts,Black,Summer,2011.0,Casual,Spykar Men Black and white Check Shirt,6617.jpg
12732,Unisex,Accessories,Bags,Backpacks,Black,Fall,2011.0,Sports,Nike Unisex Swoosh Black Backpack,12732.jpg
3365,Men,Apparel,Topwear,Tshirts,Black,Summer,2011.0,Casual,Myntra Men's Brain Black T-shirt,3365.jpg
42042,Men,Footwear,Shoes,Sports Shoes,White,Summer,2012.0,Sports,Nike Men Air Relentless 2 MSL White Sports Shoes,42042.jpg
23849,Men,Footwear,Shoes,Casual Shoes,Black,Fall,2011.0,Casual,ADIDAS Men Black Anzo Breeze Casual Shoes,23849.jpg
43190,Women,Accessories,Watches,Watches,White,Winter,2016.0,Casual,Fastrack Women White Dial Watch,43190.jpg
48578,Men,Accessories,Jewellery,Bracelet,Steel,Summer,2012.0,Casual,Revv Men Steel Bracelet,48578.jpg
30462,Women,Apparel,Innerwear,Bra,Black,Summer,2014.0,Casual,Lovable Women All Day Long Black Bra,30462.jpg
18208,Men,Accessories,Headwear,Caps,White,Fall,2011.0,Casual,Manchester United Men Solid White Cap,18208.jpg
54127,Women,Footwear,Shoes,Heels,Black,Winter,2012.0,Casual,Rocia Women Black Heels,54127.jpg
10065,Men,Apparel,Topwear,Tshirts,Yellow,Fall,2011.0,Casual,Puma Men ducati logo tee Yellow Tshirts,10065.jpg
24250,Men,Footwear,Shoes,Casual Shoes,White,Fall,2012.0,Casual,Numero Uno Men White Casual Shoes,24250.jpg
32335,Men,Accessories,Watches,Watches,Silver,Winter,2016.0,Casual,Q&Q Men Silver-Toned Dial Analogue Watch Q252J404Y,32335.jpg
25382,Men,Apparel,Innerwear,Innerwear Vests,White,Summer,2016.0,Casual,Levis Men White Innerwear Vest,25382.jpg
56670,Men,Accessories,Watches,Watches,Black,Winter,2016.0,Casual,Maxima Men Black Dial Watch,56670.jpg
5092,Men,Apparel,Topwear,Tshirts,Purple,Summer,2011.0,Casual,Wrangler Men's Minstrel Shoulder Loop Purple T-shirt,5092.jpg
10859,Men,Apparel,Topwear,Tshirts,Navy Blue,Fall,2011.0,Casual,Wrangler Men Furious Rides Navy Blue T-Shirts,10859.jpg
59638,Women,Apparel,Saree,Sarees,Green,Fall,2012.0,Ethnic,FNF Green Wedding Collection Sari,59638.jpg
15517,Men,Footwear,Shoes,Casual Shoes,Red,Fall,2011.0,Casual,Rockport Men LLandro Red Casual Shoes,15517.jpg
4140,Women,Footwear,Shoes,Casual Shoes,Green,Winter,2015.0,Casual,Skechers Women Green Shoe,4140.jpg
36795,Men,Accessories,Watches,Watches,Silver,Winter,2016.0,Casual,Maxima Men Ssteele Silver Dial Watch,36795.jpg
40527,Men,Accessories,Watches,Watches,Gold,Winter,2016.0,Casual,Titan Men Gold Dial Watch,40527.jpg
10257,Men,Apparel,Bottomwear,Trousers,Black,Fall,2011.0,Formal,John Miller Men Solid Type Black Trousers,10257.jpg
24062,Men,Apparel,Topwear,Tshirts,Navy Blue,Summer,2012.0,Casual,Locomotive Men Navy Blue Printed T-shirt,24062.jpg
45869,Men,Accessories,Watches,Watches,Brown,Winter,2016.0,Casual,Maxima Men Brown Dial Watch,45869.jpg
11385,Women,Apparel,Topwear,Sweatshirts,Black,Fall,2011.0,Casual,United Colors Of Benetton Women Light Winter Black Sweatshirts,11385.jpg
53130,Women,Footwear,Shoes,Flats,Brown,Winter,2015.0,Casual,Catwalk Women Brown Sandals,53130.jpg
44187,Women,Personal Care,Fragrance,Perfume and Body Mist,White,Spring,2017.0,Casual,Nike Fragrances Women 5th Element Perfume 150 ml,44187.jpg
21510,Women,Accessories,Bags,Handbags,White,Winter,2015.0,Casual,Kiara Women Graphiti White Handbag,21510.jpg
51667,Men,Accessories,Eyewear,Sunglasses,Grey,Winter,2016.0,Casual,Louis Philippe Men Grey Sunglasses,51667.jpg
22395,Men,Apparel,Topwear,Shirts,Blue,Fall,2011.0,Casual,Mark Taylor Men Striped Blue Shirt,22395.jpg
35322,Women,Accessories,Jewellery,Earrings,Silver,Winter,2016.0,Ethnic,Fabindia Women Anusuya Silver Earrings,35322.jpg
6425,Unisex,Footwear,Shoes,Casual Shoes,Black,Summer,2011.0,Casual,Lotto Unisex Canvas Black Check Shoe,6425.jpg
18806,Men,Accessories,Belts,Belts,Tan,Summer,2011.0,Casual,Peter England Men Casual Tan Belt,18806.jpg
23247,Men,Footwear,Shoes,Formal Shoes,Black,Fall,2011.0,Formal,Arrow Men Formal Black Shoe,23247.jpg
17072,Women,Accessories,Belts,Belts,Grey,Winter,2015.0,Casual,Lino Perros Women Weaved  Grey Belt,17072.jpg
31782,Women,Apparel,Topwear,Tops,Blue,Summer,2012.0,Casual,Lee Women Paula Blue Top,31782.jpg
42270,Unisex,Footwear,Shoes,Casual Shoes,Black,Summer,2012.0,Casual,Vans Unisex Black & Grey Classic Shoes,42270.jpg
12500,Men,Apparel,Topwear,Shirts,Black,Fall,2011.0,Casual,United Colors of Benetton Men Short Black Shirts,12500.jpg
26735,Men,Personal Care,Fragrance,Deodorant,Black,Spring,2017.0,Casual,Reebok Men Pack of 2 Pirates of the Caribbean Deos,26735.jpg
30650,Men,Apparel,Topwear,Tshirts,Black,Summer,2012.0,Casual,Nike Men Printed Black T-shirt,30650.jpg
56026,Women,Personal Care,Lips,Lipstick,Brown,Spring,2017.0,Casual,Colorbar Soft Touch Mousse Lipstick 025,56026.jpg
21948,Women,Accessories,Bags,Handbags,Brown,Winter,2015.0,Casual,Murcia Women Casual Brown Handbag,21948.jpg
32563,Women,Apparel,Bottomwear,Trousers,Blue,Summer,2012.0,Casual,ONLY Women directoire blue Trousers,32563.jpg
58980,Women,Personal Care,Fragrance,Deodorant,Pink,Spring,2017.0,Casual,Colour me Women Flowers Deo,58980.jpg
40143,Girls,Apparel,Topwear,Tops,Blue,Summer,2012.0,Casual,Gini and Jony Girls Pretty Blossom Blue Top,40143.jpg
10633,Men,Footwear,Shoes,Formal Shoes,Brown,Fall,2011.0,Formal,Carlton London Men Formal Brown Formal Shoes,10633.jpg
24406,Women,Apparel,Topwear,Kurtas,Red,Summer,2012.0,Ethnic,Vishudh Women Red Printed Kurta,24406.jpg
4716,Unisex,Accessories,Watches,Watches,Black,Winter,2016.0,Sports,ADIDAS Unisex Response ST Analogue Black Watch,4716.jpg
21174,Women,Apparel,Topwear,Tops,Beige,Fall,2011.0,Casual,s.Oliver Women Stripes Beige Top,21174.jpg
15341,Women,Apparel,Bottomwear,Shorts,Pink,Fall,2011.0,Sports,Nike Women Solid Pink Shorts,15341.jpg
52486,Women,Apparel,Innerwear,Camisoles,Maroon,Winter,2015.0,Casual,Red Rose Maroon Camisole,52486.jpg
53554,Men,Apparel,Innerwear,Boxers,Multi,Summer,2016.0,Casual,Probase Multicoloured Printed Boxers,53554.jpg
14293,Men,Apparel,Topwear,Tshirts,Blue,Fall,2011.0,Casual,Classic Polo Men Stripes Blue Tshirts,14293.jpg
47366,Women,Accessories,Bags,Handbags,Blue,Summer,2012.0,Casual,Baggit Women Blue Bag,47366.jpg
6041,Men,Apparel,Topwear,Tshirts,Navy Blue,Summer,2011.0,Casual,UCB Men's Polo Neck With Lion Logo Navy Blue T-shirt,6041.jpg
23623,Girls,Apparel,Topwear,Tops,Pink,Fall,2011.0,Casual,Doodle Kids Girls Pink I love Shopping Top,23623.jpg
17416,Men,Footwear,Shoes,Sports Shoes,Black,Fall,2011.0,Sports,Lotto Men Atlantica Black Sports Shoe,17416.jpg
9835,Women,Apparel,Topwear,Tshirts,Grey,Fall,2011.0,Casual,Little Miss Women Printed Grey T-shirt,9835.jpg
29319,Unisex,Accessories,Bags,Backpacks,Red,Summer,2012.0,Casual,ADIDAS Unisex Chicago Bulls Red Backpack,29319.jpg
7193,Women,Apparel,Bottomwear,Jeans,Black,Fall,2011.0,Casual,Jealous 21 Women Black Jegging,7193.jpg
12958,Men,Footwear,Shoes,Sports Shoes,Black,Fall,2011.0,Sports,ADIDAS Men Sports Black Sports Shoes,12958.jpg
27283,Women,Apparel,Topwear,Kurtas,Magenta,Fall,2011.0,Ethnic,Mother Earth Women Magenta Kurta,27283.jpg
30234,Men,Footwear,Flip Flops,Flip Flops,Black,Summer,2012.0,Casual,Numero Uno Men Black Flip Flops,30234.jpg
9009,Women,Accessories,Bags,Handbags,Brown,Winter,2015.0,Casual,Murcia Women Snake Print Bag Brown Handbags,9009.jpg
3533,Men,Apparel,Topwear,Tshirts,Navy Blue,Summer,2011.0,Casual,Myntra Men's If You Don't Like Navy Blue T-shirt,3533.jpg
42614,Women,Accessories,Jewellery,Jewellery Set,Gold,Winter,2016.0,Casual,Estelle Women Earrings & Pendant Set,42614.jpg
12164,Women,Apparel,Topwear,Dupatta,Orange,Fall,2011.0,Ethnic,Aurelia Women Voile Orange Dupatta,12164.jpg
26351,Women,Accessories,Watches,Watches,White,Winter,2016.0,Casual,DKNY Women White Dial Watch NY8472,26351.jpg
17624,Men,Apparel,Bottomwear,Track Pants,Navy Blue,Fall,2011.0,Sports,ADIDAS Men Solid Navy Blue Track Pant,17624.jpg
47154,Girls,Apparel,Bottomwear,Capris,Black,Summer,2012.0,Casual,Gini and Jony Girls Black Capris,47154.jpg
35574,Men,Footwear,Flip Flops,Flip Flops,Red,Summer,2013.0,Casual,Gliders Men Esquire Red Flip Flops,35574.jpg
46086,Women,Footwear,Shoes,Sports Shoes,Lavender,Summer,2012.0,Sports,ADIDAS Women Lavender Hagkok Sports Shoes,46086.jpg
51031,Women,Apparel,Innerwear,Bra,White,Summer,2017.0,Casual,Enamor White Bra,51031.jpg
13284,Men,Apparel,Bottomwear,Shorts,Black,Fall,2011.0,Casual,Gini and Jony Kids Boys Solid Black Shorts,13284.jpg
54543,Men,Footwear,Shoes,Sports Shoes,White,Fall,2012.0,Casual,F Sports Men White Outlander Sports Shoes,54543.jpg
55491,Women,Personal Care,Lips,Lip Gloss,Brown,Spring,2017.0,Casual,Revlon Gold Dust Poussiere Doree Colorburst Lip Gloss 024,55491.jpg
26163,Men,Apparel,Bottomwear,Trousers,Grey,Summer,2012.0,Formal,John Miller Men Dark Grey Trousers,26163.jpg
3701,Women,Apparel,Topwear,Tshirts,Black,Summer,2011.0,Casual,Tantra Women Flower Heart Black Long T-shirt,3701.jpg
29917,Men,Accessories,Watches,Watches,White,Winter,2016.0,Casual,Police Men White Dial Watch PL12698JS,29917.jpg
42426,Women,Apparel,Topwear,Kurtas,Sea Green,Summer,2012.0,Ethnic,Aurelia Women Sea Green Kurta,42426.jpg
32751,Men,Footwear,Shoes,Casual Shoes,Black,Summer,2012.0,Casual,FILA Men Liga II Black Shoes,32751.jpg
56214,Women,Accessories,Jewellery,Earrings,Gold,Winter,2016.0,Casual,Estelle Women Gold Earrings,56214.jpg
10401,Women,Apparel,Topwear,Tops,Purple,Fall,2011.0,Casual,Jealous 21 Women Uaine Purple Tops,10401.jpg
40371,Women,Apparel,Bottomwear,Jeans,Navy Blue,Summer,2012.0,Casual,Tokyo Talkies Women Navy Slim Fit Jeans,40371.jpg
21346,Men,Accessories,Eyewear,Sunglasses,Gold,Winter,2016.0,Casual,Pal Zileri Men Casual Gold Frame Sunglasses,21346.jpg
45603,Men,Footwear,Shoes,Formal Shoes,Black,Summer,2012.0,Formal,Arrow Men Black Formal Shoes,45603.jpg
4524,Men,Footwear,Shoes,Sports Shoes,Black,Summer,2011.0,Sports,Puma Men's YugoRun Black White Shoe,4524.jpg
37223,Women,Apparel,Topwear,Tops,Blue,Summer,2012.0,Casual,United Colors of Benetton Women Blue Top,37223.jpg
53766,Men,Apparel,Topwear,Tshirts,White,Summer,2012.0,Casual,Puma Men White and Navy Blue T-shirt,53766.jpg
25520,Girls,Apparel,Topwear,Tops,White,Fall,2011.0,Casual,Doodle Kids Girls City Chic White Top,25520.jpg
32597,Women,Apparel,Topwear,Tops,Black,Summer,2012.0,Casual,ONLY Women Black Top,32597.jpg
58974,Men,Personal Care,Fragrance,Deodorant,Gold,Spring,2017.0,Casual,Colour me Men Gold Deo,58974.jpg
33445,Women,Accessories,Wallets,Wallets,Black,Summer,2012.0,Casual,Baggit Women Lamboo Mayur Black Wallet,33445.jpg
57100,Women,Apparel,Topwear,Tops,Pink,Summer,2012.0,Casual,Elle Women Dark Pink Top,57100.jpg
36137,Women,Footwear,Shoes,Sports Shoes,Pink,Summer,2012.0,Sports,Nike Women Free Run Pink Sports Shoes,36137.jpg
41859,Men,Footwear,Sandal,Sandals,Black,Summer,2016.0,Casual,Estd. 1977 Men Black Sandals,41859.jpg
21180,Men,Footwear,Flip Flops,Flip Flops,Black,Summer,2011.0,Casual,ADIDAS Men Adi Cells Black Flip Flops,21180.jpg
39943,Men,Footwear,Shoes,Casual Shoes,Brown,Summer,2013.0,Casual,GAS Men Brown Count Casual Shoes,39943.jpg
52472,Women,Apparel,Loungewear and Nightwear,Bath Robe,Pink,Winter,2015.0,Casual,Red Rose Women White & Pink Polka Dot Print Bath Robe,52472.jpg
58148,Unisex,Accessories,Headwear,Caps,White,Fall,2012.0,Casual,Puma Unisex White Cap,58148.jpg
20052,Women,Accessories,Mufflers,Mufflers,Yellow,Fall,2011.0,Casual,United Colors Of Benetton Women Yellow Muffler,20052.jpg
5630,Women,Footwear,Flip Flops,Flip Flops,Blue,Summer,2011.0,Casual,ADIDAS Women's Adi Groove Blue Flip Flop,5630.jpg
44517,Men,Footwear,Flip Flops,Flip Flops,Brown,Summer,2013.0,Casual,Coolers Men Brown Pokar Flip Flops,44517.jpg
47392,Women,Accessories,Bags,Handbags,Beige,Fall,2012.0,Casual,Baggit Women Beige Bag,47392.jpg
50325,Women,Apparel,Topwear,Kurtas,Navy Blue,Summer,2012.0,Ethnic,Aurelia Women Navy Blue Kurta,50325.jpg
8913,Men,Footwear,Shoes,Sports Shoes,White,Fall,2011.0,Sports,Puma Men Cabana Racer Sketch White Sports Shoes,8913.jpg
16530,Men,Apparel,Topwear,Shirts,Red,Fall,2011.0,Casual,Locomotive Men Check Red Shirt,16530.jpg
22705,Men,Footwear,Shoes,Casual Shoes,White,Fall,2011.0,Casual,Nike Men White Capri II Casual Shoe,22705.jpg
7167,Men,Apparel,Topwear,Shirts,Purple,Fall,2011.0,Casual,Scullers Men Scul Purple White Shirt,7167.jpg
46240,Women,Apparel,Topwear,Tunics,White,Summer,2012.0,Casual,Fusion Beats Women White Printed Tunic,46240.jpg
27277,Women,Apparel,Topwear,Kurtas,Green,Fall,2011.0,Ethnic,Mother Earth Women Blue Kurta,27277.jpg
13042,Women,Footwear,Shoes,Flats,Brown,Winter,2012.0,Casual,Inc 5 Women Brown Heels,13042.jpg
6889,Women,Apparel,Topwear,Jackets,Cream,Summer,2011.0,Casual,Forever New Women Stone Cream Jacket,6889.jpg
31312,Women,Apparel,Topwear,Kurtas,Peach,Summer,2012.0,Ethnic,W Women Peach Kurta,31312.jpg
12190,Men,Apparel,Topwear,Shirts,Blue,Fall,2011.0,Casual,Basics Men Blue Slim Fit Checked Shirt,12190.jpg
55657,Women,Footwear,Shoes,Heels,Gold,Winter,2015.0,Casual,Catwalk Women Golden Wedges,55657.jpg
19578,Women,Apparel,Topwear,Tops,Purple,Summer,2011.0,Casual,United Colors of Benetton Women Solid Purple Top,19578.jpg
27879,Women,Apparel,Topwear,Tops,Blue,Summer,2012.0,Casual,Scullers For Her Women Blue Top,27879.jpg
34452,Women,Footwear,Shoes,Flats,Copper,Winter,2012.0,Casual,Rocia Women Copper Sandals,34452.jpg
6287,Men,Apparel,Topwear,Tshirts,Yellow,Summer,2011.0,Casual,Classic Polo Men's Swiss Yellow T-shirt,6287.jpg
7355,Men,Apparel,Topwear,Tshirts,Navy Blue,Fall,2011.0,Casual,Tantra Men's Black Sabbath Navy T-shirt,7355.jpg
46072,Men,Accessories,Belts,Belts,Black,Summer,2012.0,Casual,Lino Perros Men Black Leather Belt,46072.jpg
22537,Men,Footwear,Sandal,Sandals,Tan,Summer,2013.0,Casual,Gas Men Eldorado Tan Casual  Sandals,22537.jpg
28831,Women,Apparel,Innerwear,Briefs,Brown,Summer,2017.0,Casual,Enamor Women Pack of 3 Mid-Rise Bikini Brief,28831.jpg
43500,Men,Apparel,Topwear,Tshirts,White,Summer,2012.0,Casual,French Connection Men White T-shirt,43500.jpg
2627,Women,Footwear,Shoes,Flats,Silver,Fall,2010.0,Casual,Carlton London Women Wedge Silver Sandal,2627.jpg
27045,Women,Accessories,Bags,Clutches,Off White,Summer,2012.0,Casual,Yelloe Off White Fur Zip Clutch,27045.jpg
13270,Women,Apparel,Topwear,Tops,White,Fall,2011.0,Casual,Palm Tree Kids Girls Printed White Tops,13270.jpg
18698,Men,Apparel,Innerwear,Briefs,Grey,Summer,2016.0,Casual,Hanes Men Grey Ultimate Duo Dry Cotton Stretch Bikini Briefs,18698.jpg
55465,Women,Personal Care,Lips,Lipstick,Red,Spring,2017.0,Casual,Revlon Super Lusterous Lipstick 304,55465.jpg
26197,Men,Personal Care,Fragrance,Perfume and Body Mist,Green,Spring,2017.0,Casual,Formula 1 Go Men Perfume,26197.jpg
31120,Girls,Apparel,Topwear,Tops,Pink,Summer,2012.0,Casual,Palm Tree Girls Pink Top,31120.jpg
25712,Unisex,Accessories,Headwear,Caps,Blue,Summer,2012.0,Sports,ADIDAS Unisex Blue Cap,25712.jpg
11527,Men,Apparel,Topwear,Tshirts,Olive,Fall,2011.0,Casual,United Colors of Benetton Men Olive Tshirts,11527.jpg
14869,Men,Accessories,Wallets,Wallets,Black,Summer,2011.0,Casual,United Colors of Benetton Men Solid Black Wallets,14869.jpg
40385,Women,Apparel,Topwear,Tops,Yellow,Summer,2012.0,Casual,Tokyo Talkies Women Yellow Top,40385.jpg
15187,Men,Apparel,Topwear,Tshirts,White,Fall,2011.0,Casual,Arrow Sport Men Solid White Polo Tshirts,15187.jpg
5402,Women,Footwear,Shoes,Sports Shoes,Purple,,2011.0,Sports,Kalenji Ekiden 200 Wn Purple 2011,5402.jpg
44725,Women,Footwear,Flip Flops,Flip Flops,Orange,Summer,2012.0,Casual,Lotto Women Coral Elegant Flip Flops,44725.jpg
14055,Men,Apparel,Topwear,Shirts,Green,Fall,2011.0,Casual,Flying Machine Men Check Green Shirts,14055.jpg
20260,Men,Apparel,Topwear,Tshirts,Navy Blue,Fall,2011.0,Casual,Wrangler Men Applique Navy Blue Tshirt,20260.jpg
7731,Men,Footwear,Flip Flops,Flip Flops,Grey,Winter,2011.0,Casual,Puma Men's Winglet II Grey Yellow White Flip Flop,7731.jpg
22153,Men,Footwear,Sandal,Sandals,Brown,Summer,2011.0,Casual,Lee Cooper Men Brown Casual Sandals,22153.jpg
43958,Men,Footwear,Sandal,Sandals,Olive,Fall,2012.0,Casual,Puma Men Olive Techno Ind Sandal,43958.jpg
28469,Women,Apparel,Topwear,Tshirts,Pink,Summer,2012.0,Casual,Urban Yoga Women Printed Pink T-shirt,28469.jpg
50573,Men,Apparel,Innerwear,Trunk,Charcoal,Summer,2016.0,Casual,Chromozome Men Charcoal Trunk Trunks,50573.jpg
34036,Boys,Apparel,Topwear,Shirts,Blue,Summer,2012.0,Casual,Palm Tree Boys Check Blue Shirt,34036.jpg
55001,Women,Personal Care,Lips,Lipstick,Pink,Spring,2017.0,,Lakme Absolute Lip Last Day Kiss Lip Colour,55001.jpg
8779,Men,Apparel,Topwear,Shirts,Navy Blue,Fall,2011.0,Casual,Indigo Nation Men Club Satin Hot Stepper Navy Blue Shirt,8779.jpg
3391,Women,Accessories,Bags,Handbags,White,Winter,2015.0,Casual,Murcia Women White With Stitch Bag,3391.jpg
43164,Men,Accessories,Watches,Watches,Black,Winter,2016.0,Casual,Fastrack Men Black Watch,43164.jpg
2243,Men,Apparel,Topwear,Tshirts,White,Fall,2010.0,Sports,ADIDAS Men Stripe Polo White Polo T-shirt,2243.jpg
30496,Women,Apparel,Innerwear,Bra,Purple,Summer,2014.0,Casual,Lovable Women Fiona Purple Bra,30496.jpg
27421,Women,Apparel,Loungewear and Nightwear,Lounge Pants,Blue,Winter,2015.0,Casual,Jockey Women Blue Lounge Pants,27421.jpg
57756,Women,Personal Care,Skin Care,Face Wash and Cleanser,Green,Spring,2017.0,Casual,Lotus Herbals Neem & Clove Purifying Face Wash,57756.jpg
33213,Women,Apparel,Topwear,Tops,Magenta,Summer,2012.0,Casual,Sepia Women Printed Magenta Top,33213.jpg
39729,Women,Apparel,Topwear,Tops,Olive,Summer,2012.0,Casual,Arrow Woman Olive Top,39729.jpg
25376,Men,Apparel,Innerwear,Innerwear Vests,Grey,Summer,2016.0,Casual,Levis Men Grey Innerwear T-Shirt,25376.jpg
11143,Men,Apparel,Topwear,Shirts,Black,Fall,2011.0,Casual,Scullers Men Price Catch Black Shirts,11143.jpg
56684,Women,Apparel,Saree,Sarees,Beige,Fall,2012.0,Ethnic,Fabindia Beige & Maroon Mull Printed Saree,56684.jpg
4988,Women,Apparel,Dress,Dresses,White,Summer,2011.0,Casual,Gini and Jony Girl's Vanya White Polka Dot Kidswear,4988.jpg
44341,Men,Apparel,Topwear,Tshirts,Blue,Summer,2012.0,Casual,Indian Terrain Men Blue T-shirt,44341.jpg
14431,Women,Footwear,Shoes,Heels,Black,Summer,2012.0,Casual,Enroute Women Casual Black Flats,14431.jpg
20604,Women,Accessories,Bags,Handbags,Brown,Winter,2015.0,Casual,Baggit Women Umbrella Dum Brown Handbag,20604.jpg
52224,Women,Accessories,Jewellery,Necklace and Chains,Silver,Summer,2012.0,Casual,Lencia Grey Swarovski Pearl Necklace,52224.jpg
45293,Women,Accessories,Watches,Watches,Red,Winter,2016.0,Casual,CASIO SHEEN Women Red Dial Watch SX017,45293.jpg
36761,Men,Accessories,Watches,Watches,Black,Winter,2016.0,Casual,Maxima Men Black Watch,36761.jpg
33021,Women,Apparel,Topwear,Kurtas,Cream,Summer,2012.0,Ethnic,Mother Earth Women Printed Cream Kurta,33021.jpg
25144,Women,Accessories,Bags,Handbags,Orange,Winter,2015.0,Casual,Lino Perros Women Leatherite Orange Handbag,25144.jpg
11371,Men,Apparel,Topwear,Shirts,Black,Fall,2011.0,Casual,United Colors Of Benetton Men Summer Black Shirts,11371.jpg
41401,Women,Apparel,Topwear,Tops,White,Summer,2012.0,Casual,Wrangler Women White Smocked Top,41401.jpg
14603,Men,Accessories,Socks,Socks,Grey,Summer,2011.0,Casual,United Colors of Benetton Men Pack of 2 Grey Socks,14603.jpg
37481,Women,Accessories,Watches,Watches,White,Winter,2016.0,Casual,Esprit Women White Dial Watch,37481.jpg
5254,Unisex,Accessories,Bags,Duffel Bag,Red,Winter,2015.0,Casual,Wildcraft Unisex Red Duffle Bag,5254.jpg
44173,Women,Personal Care,Fragrance,Perfume and Body Mist,Pink,Spring,2017.0,Casual,Nike Fragrances Women Trendy Perfume 75ml,44173.jpg
25978,Women,Personal Care,Fragrance,Perfume and Body Mist,Pink,Spring,2017.0,Casual,J.Del Pozo Halloween Kiss Sexy Women Perfume,25978.jpg
4386,Men,Apparel,Topwear,Tshirts,Grey,Summer,2011.0,Casual,Wrangler Cowboy Photo T-shirt,4386.jpg
51693,Unisex,Accessories,Eyewear,Sunglasses,Brown,Winter,2016.0,Casual,Van Heusen Unisex Brown Sunglasses,51693.jpg
16154,Men,Footwear,Shoes,Formal Shoes,Black,Fall,2011.0,Formal,Enroute Men Leather Black Formal Shoes,16154.jpg
22361,Men,Footwear,Sandal,Sports Sandals,Navy Blue,Summer,2012.0,Casual,Reebok Men Navy Twist Sandals,22361.jpg
29789,Men,Apparel,Topwear,Tshirts,Pink,Summer,2013.0,Casual,Basics Men Pack of 3 T-shirt,29789.jpg
19920,Unisex,Accessories,Bags,Backpacks,Black,Winter,2015.0,Casual,Wildcraft Unisex Black Outdoor Backpack,19920.jpg
7503,Men,Apparel,Topwear,Tshirts,Blue,Summer,2011.0,Sports,Nike Men's As Icon Blue T-shirt,7503.jpg
46624,Men,Personal Care,Fragrance,Deodorant,Grey,Spring,2017.0,Casual,Rasasi Men Emotion Deo and Perfume Set,46624.jpg
34204,Men,Apparel,Bottomwear,Track Pants,Navy Blue,Fall,2013.0,Casual,Proline Men Navy Track Pants,34204.jpg
17086,Women,Accessories,Wallets,Wallets,Orange,Winter,2015.0,Casual,Lino Perros Women Blue Zip Orange Wallet,17086.jpg
50741,Men,Footwear,Shoes,Casual Shoes,Black,Winter,2018.0,Casual,Red Chief Men Black Shoes,50741.jpg
55233,Women,Personal Care,Makeup,Foundation and Primer,Skin,Summer,2019.0,Casual,Lakme Nine to Five Flawless Makeup Shell Foundation,55233.jpg
13426,Men,Apparel,Topwear,Tshirts,Red,Summer,2011.0,Casual,United Colors of Benetton Men Stripes Red  Polo T-shirts,13426.jpg
43356,Women,Footwear,Shoes,Sports Shoes,Charcoal,Summer,2012.0,Sports,Reebok Women Charcoal Grey Fuel Techno Sports Shoes,43356.jpg
28207,Men,Accessories,Eyewear,Sunglasses,Black,Winter,2016.0,Casual,Ray-Ban Men Active Lifestyle Black Sunglasses,28207.jpg
13846,Men,Apparel,Topwear,Shirts,Blue,Fall,2011.0,Casual,John Miller Men Stripes Blue Shirts,13846.jpg
12994,Boys,Footwear,Shoes,Sports Shoes,Black,Fall,2011.0,Sports,ADIDAS Kids Boys Duramo Synthetic Black Sports Shoes,12994.jpg
46278,Women,Apparel,Topwear,Tunics,Red,Summer,2012.0,Casual,109F Women Red & White Striped Tunic,46278.jpg
16508,Men,Apparel,Bottomwear,Jeans,Blue,Fall,2011.0,Casual,Locomotive Men Washed Blue Jeans,16508.jpg
18492,Men,Footwear,Flip Flops,Flip Flops,Blue,Fall,2011.0,Casual,Puma Men Danny Blue Slipper,18492.jpg
19540,Men,Apparel,Topwear,Sweaters,Blue,Summer,2011.0,Casual,United Colors of Benetton Men Solid Blue Sweater,19540.jpg
7963,Men,Apparel,Topwear,Tshirts,White,Fall,2011.0,Sports,Puma Men's Large Logo Graphic White French T-shirt,7963.jpg
8117,Men,Accessories,Watches,Watches,Black,Winter,2016.0,Casual,Fastrack Men New Analog Black Navy Watch,8117.jpg
49230,Men,Accessories,Socks,Socks,Black,Summer,2016.0,Casual,Calzini Men Pack of 5 Sports Socks,49230.jpg
39147,Women,Apparel,Apparel Set,Kurta Sets,Purple,Fall,2012.0,Ethnic,Aneri Women Purple Salwar Suit,39147.jpg
36933,Women,Personal Care,Fragrance,Perfume and Body Mist,Purple,Spring,2017.0,Casual,Bulgari Women Omnia Perfume,36933.jpg
57138,Women,Apparel,Bottomwear,Trousers,Brown,Summer,2012.0,Casual,Elle Women Brown Trousers,57138.jpg
20856,Men,Footwear,Shoes,Casual Shoes,Black,Fall,2011.0,Casual,United Colors of Benetton Men Casual Black Shoes,20856.jpg
41861,Men,Footwear,Sandal,Sandals,Black,Summer,2016.0,Casual,Estd. 1977 Men Black Sandals,41861.jpg
5608,Men,Footwear,Sandal,Sandals,Black,Summer,2011.0,Casual,ADIDAS Men Kendall Black Navy Floater,5608.jpg
58170,Women,Accessories,Bags,Clutches,Red,Fall,2012.0,Casual,Rocky S Women Red Clutch,58170.jpg
53598,Men,Free Items,Free Gifts,Free Gifts,Black,Winter,2016.0,Sports,Q&Q Men Black Digital Watch,53598.jpg
15983,Men,Apparel,Topwear,Shirts,Burgundy,Fall,2011.0,Casual,Turtle Solid Men  Burgundy Shirt,15983.jpg
39375,Women,Accessories,Watches,Watches,Silver,Winter,2016.0,Casual,Helix Women Silver Dial Watch,39375.jpg
14851,Women,Accessories,Wallets,Wallets,Coffee Brown,Summer,2011.0,Casual,United Colors of Benetton Women Solid Coffee Brown Wallets,14851.jpg
59290,Men,Accessories,Watches,Watches,Black,Winter,2016.0,Casual,Titan Men Black Dial Watch,59290.jpg
52678,Men,Accessories,Watches,Watches,Black,Winter,2016.0,Casual,Morellato Men Black Watch,52678.jpg
20258,Men,Apparel,Topwear,Tshirts,Brown,Fall,2011.0,Casual,Wrangler Men Polo Charcoal T-shirt,20258.jpg
47198,Men,Footwear,Sandal,Sandals,Brown,Summer,2012.0,Casual,Franco Leone Men Brown Sandals,47198.jpg
27841,Men,Accessories,Belts,Belts,White,Summer,2012.0,Casual,Bulchee Men Plain Jeans White Belt,27841.jpg
28035,Men,Apparel,Innerwear,Briefs,Grey Melange,Summer,2016.0,Casual,Jockey ELANCE Men Grey Melange Y Front Briefs 1006,28035.jpg
31924,Women,Accessories,Bags,Handbags,Black,Summer,2012.0,Casual,Fabindia Women Black Silk Handbag,31924.jpg
26993,Women,Apparel,Bottomwear,Jeans,Blue,Summer,2012.0,Casual,Jealous 21 Women Washed Blue Jeans,26993.jpg
13248,Men,Apparel,Bottomwear,Trousers,Brown,Fall,2011.0,Casual,Palm Tree Kids Boy Solid Brown Trousers,13248.jpg
43538,Women,Apparel,Topwear,Tops,Blue,Summer,2012.0,Casual,French Connection Women Blue Top,43538.jpg
8325,Boys,Apparel,Topwear,Tshirts,Yellow,Fall,2011.0,Casual,Doodle Boy's Athletic 77 Dept Yellow Teen Kidswear,8325.jpg
31118,Girls,Apparel,Topwear,Tops,Red,Summer,2012.0,Casual,Gini and Jony Girls Red Top,31118.jpg
19772,Men,Footwear,Shoes,Casual Shoes,Blue,Fall,2011.0,Casual,ADIDAS Men Vigor Blue Casual Shoes,19772.jpg
46876,Men,Accessories,Socks,Socks,Grey,Summer,2012.0,Casual,Lino Perros Men Pack of 2 Socks,46876.jpg
5862,Men,Apparel,Topwear,Tshirts,Black,Summer,2011.0,Casual,ADIDAS Men's Stripe Black T-shirt,5862.jpg
39711,Men,Accessories,Watches,Watches,Black,Winter,2016.0,Casual,ADIDAS Original Men Black Dial Chronograph Watch ADH2641,39711.jpg
14409,Women,Footwear,Shoes,Heels,White,Summer,2012.0,Casual,Enroute Women Casual White Heels,14409.jpg
58726,Men,Apparel,Topwear,Tshirts,Grey,Summer,2012.0,Casual,Puma Men Grey T-shirt,58726.jpg
44379,Men,Personal Care,Fragrance,Perfume and Body Mist,Black,Spring,2017.0,Casual,ADIDAS Men Intense Touch  Perfume,44379.jpg
11947,Men,Footwear,Sandal,Sandals,Olive,Summer,2012.0,Casual,Ganuchi Men Casual Olive Sandals,11947.jpg
36759,Men,Accessories,Watches,Watches,White,Winter,2016.0,Casual,Maxima Men White Dial Watch,36759.jpg
51499,Women,Apparel,Bottomwear,Jeans,Blue,Summer,2012.0,Casual,Denizen Women Blue Jeans,51499.jpg
29583,Women,Footwear,Shoes,Flats,Silver,Summer,2012.0,Casual,Puma Women Grace Silver Sandals,29583.jpg
55805,Women,Apparel,Loungewear and Nightwear,Night suits,Pink,Summer,2017.0,Casual,SDL by Sweet Dreams Women Pink & Black Printed Night Suit S11-3134,55805.jpg
7709,Women,Apparel,Bottomwear,Jeans,Black,Fall,2011.0,Casual,Jealous 21 Women's Aaren Black Jegging,7709.jpg
28451,Women,Apparel,Bottomwear,Track Pants,Black,Summer,2012.0,Casual,Urban Yoga Women Black Track Pants,28451.jpg
43960,Men,Apparel,Topwear,Shirts,Grey,Summer,2012.0,Formal,Indigo Nation Men Grey Striped Shirt,43960.jpg
8741,Men,Apparel,Topwear,Shirts,Navy Blue,Fall,2011.0,Casual,Indigo Nation Men Checks Shirt Navy Blue Shirts,8741.jpg
55039,Women,Personal Care,Lips,Lipstick,Brown,Spring,2017.0,Casual,Lakme Absolute Matte Merlot Lipstick 45,55039.jpg
19316,Unisex,Accessories,Bags,Backpacks,Grey,Fall,2011.0,Casual,Nike Unisex Hayward 25M Grey Backpack,19316.jpg
27419,Women,Apparel,Loungewear and Nightwear,Lounge Pants,Black,Winter,2015.0,Casual,Jockey Women Black Lounge Pants,27419.jpg
34832,Men,Footwear,Shoes,Sports Shoes,White,Summer,2012.0,Sports,ADIDAS Men Sukoi White Sports Shoes,34832.jpg
23885,Men,Footwear,Shoes,Sports Shoes,Grey,Winter,2012.0,Sports,Fila Men Grey Hex Sports Shoes,23885.jpg
19918,Unisex,Accessories,Bags,Backpacks,Black,Winter,2015.0,Casual,Wildcraft Unisex Black Backpack,19918.jpg
22359,Men,Apparel,Topwear,Shirts,Blue,Summer,2011.0,Casual,John Players Men Check Blue Shirt,22359.jpg
19124,Women,Footwear,Flip Flops,Flip Flops,Pink,Fall,2011.0,Casual,Lotto Women XL Kelly Pink Slippers,19124.jpg
16950,Men,Accessories,Eyewear,Sunglasses,Brown,Winter,2016.0,Casual,Image Men Sunglasses,16950.jpg
49654,Women,Apparel,Bottomwear,Skirts,Grey,Summer,2012.0,Casual,Mineral Women Grey Skirt,49654.jpg
48786,Women,Accessories,Jewellery,Pendant,Silver,Summer,2013.0,Casual,Lucera Women Silver Pendant,48786.jpg
2049,Men,Apparel,Topwear,Tshirts,White,Summer,2010.0,Sports,ADIDAS Men's Slim Fit White T-shirt,2049.jpg
17882,Men,Apparel,Innerwear,Innerwear Vests,White,Summer,2016.0,Casual,Levis Men Comfort Style White Innerwear Vest,17882.jpg
44977,Men,Accessories,Watches,Watches,Silver,Winter,2016.0,Casual,Maxima Men Silver Dial Attivo Watch,44977.jpg
33019,Women,Apparel,Topwear,Kurtas,Yellow,Summer,2012.0,Ethnic,Mother Earth Women Printed Yellow Kurta,33019.jpg
41439,Men,Footwear,Shoes,Sports Shoes,Black,Fall,2012.0,Sports,Lee Cooper Men Black Sports Shoes,41439.jpg
39523,Unisex,Accessories,Bags,Trolley Bag,Black,Summer,2012.0,Casual,Peter England Unisex Black One Dayer Black Trolley Bag,39523.jpg
52812,Men,Accessories,Wallets,Wallets,Black,Summer,2012.0,Casual,JAG Men Black Leather Wallet,52812.jpg
11349,Men,Apparel,Bottomwear,Jeans,Blue,Summer,2017.0,Casual,Lee Men Blue Chicago Fit Jeans,11349.jpg
24892,Men,Apparel,Topwear,Tshirts,Black,Fall,2011.0,Casual,United Colors of Benetton Men Black T-shirt,24892.jpg
58514,Women,Apparel,Topwear,Tops,Grey,Summer,2012.0,Casual,Tonga Women Grey Top,58514.jpg
33825,Women,Footwear,Shoes,Sports Shoes,Silver,Summer,2012.0,Sports,Puma Women Kuris Silver & Grey Sports Shoes,33825.jpg
25940,Women,Accessories,Scarves,Scarves,Yellow,Summer,2012.0,Casual,Femella Women Yellow & Blue Scarf,25940.jpg
38637,Men,Apparel,Topwear,Tshirts,Red,Summer,2012.0,Casual,Nike Men Red Delhi T-shirt,38637.jpg
5896,Men,Footwear,Shoes,Casual Shoes,Black,Summer,2011.0,Casual,Puma Men Cavallino Black Shoe,5896.jpg
4944,Men,Apparel,Topwear,Shirts,White,Summer,2011.0,Casual,Gini and Jony Boy's Kaleb White Brown Infant Kidswear,4944.jpg
10861,Men,Apparel,Topwear,Tshirts,White,Fall,2011.0,Casual,Wrangler Men Dirt Riders White T-Shirts,10861.jpg
59600,Women,Apparel,Saree,Sarees,Rust,Fall,2012.0,Ethnic,FNF Rust Wedding Collection Sari,59600.jpg
42846,Women,Accessories,Bags,Handbags,Multi,Summer,2012.0,Casual,French Connection Women Multi Stripe Hand Bag,42846.jpg
35128,Women,Accessories,Jewellery,Bracelet,Purple,Winter,2012.0,Casual,Allen Solly Woman Purple Bangle,35128.jpg
47508,Men,Apparel,Innerwear,Briefs,Black,Summer,2016.0,Casual,Facit Men Black Brief,47508.jpg
54923,Girls,Apparel,Bottomwear,Capris,Olive,Summer,2012.0,Casual,Do u speak Green Girls Olive 3/4 Pant,54923.jpg
43994,Women,Personal Care,Fragrance,Deodorant,Pink,Spring,2017.0,Casual,Police Women Passion Deo,43994.jpg
17278,Men,Apparel,Topwear,Tshirts,Grey,Fall,2011.0,Casual,U.S. Polo Assn. Men Printed  Steeple Grey Tshirt,17278.jpg
31588,Men,Apparel,Topwear,Tshirts,Maroon,Summer,2012.0,Casual,Mark Taylor Men Printed Maroon T-shirt,31588.jpg
49492,Men,Footwear,Shoes,Casual Shoes,Maroon,Summer,2012.0,Casual,Vans Men Maroon & Grey Era Shoes,49492.jpg
18230,Men,Apparel,Topwear,Tshirts,White,Fall,2011.0,Casual,Manchester United Men Printed White Tshirt,18230.jpg
23871,Men,Apparel,Topwear,Tshirts,Grey,Fall,2011.0,Casual,ADIDAS Men Grey Striped T-shirt,23871.jpg
9667,Men,Apparel,Topwear,Shirts,Purple,Fall,2011.0,Casual,Indigo Nation Men Bling Red Black Shirts,9667.jpg
16198,Men,Apparel,Bottomwear,Tracksuits,Black,Fall,2011.0,Sports,Puma Men Poly Knitted Black Tracksuit,16198.jpg
3953,Women,Apparel,Topwear,Tshirts,Red,Summer,2011.0,Casual,Jealous 21 Women's Red Peace T-shirt,3953.jpg
29745,Men,Accessories,Watches,Watches,Black,Winter,2016.0,Casual,Fossil Men Quartz Black Dial Chronograph Watch JR1303,29745.jpg
28697,Women,Apparel,Topwear,Kurtas,Black,Summer,2012.0,Ethnic,W Women Printed Black Kurta,28697.jpg
12538,Men,Apparel,Bottomwear,Track Pants,Blue,Fall,2011.0,Casual,Puma Men Solid Blue Track Pants,12538.jpg
8587,Men,Apparel,Topwear,Shirts,Red,Fall,2011.0,Casual,Scullers Men Red Check Shirt,8587.jpg
42248,Women,Apparel,Topwear,Tops,Pink,Summer,2012.0,Casual,Sepia Women Pink Top,42248.jpg
48772,Women,Accessories,Jewellery,Pendant,Silver,Summer,2013.0,Casual,Lucera Women Silver Pendant,48772.jpg
17876,Men,Apparel,Innerwear,Innerwear Vests,Grey,Summer,2016.0,Casual,Levis Men Comfort Style Grey Innerwear Vest,17876.jpg
30668,Men,Accessories,Eyewear,Sunglasses,Black,Winter,2016.0,Casual,Park Avenue Men Black Sunglasses,30668.jpg
9455,Men,Apparel,Topwear,Shirts,Red,Fall,2011.0,Formal,John Miller Men Red Striped Shirt,9455.jpg
18002,Women,Apparel,Bottomwear,Capris,Black,Summer,2011.0,Sports,Puma Women Essential Skinny Black 3/4 Pant,18002.jpg
44983,Women,Accessories,Watches,Watches,Silver,Winter,2016.0,Casual,Maxima Women Silver Dial Watch,44983.jpg
38405,Women,Accessories,Belts,Belts,White,Summer,2012.0,Casual,Baggit Women White Capri Taj Belt,38405.jpg
53934,Women,Accessories,Bags,Handbags,Brown,Summer,2012.0,Casual,Kiara Women Brown Handbag,53934.jpg
1638,Unisex,Apparel,Bottomwear,Swimwear,Blue,Fall,2010.0,Sports,Nabaiji Swimming Goggles Blue Black,1638.jpg
25188,Women,Accessories,Bags,Handbags,Brown,Winter,2015.0,Casual,Lino Perros Women Leatherite Brown Handbag,25188.jpg
24866,Men,Accessories,Belts,Belts,Black,Summer,2012.0,Casual,Reid & Taylor Men Formal Black Belt,24866.jpg
53108,Women,Accessories,Jewellery,Earrings,Silver,Winter,2016.0,Casual,Fabindia Silver Earrings,53108.jpg
21528,Women,Accessories,Bags,Handbags,Copper,Winter,2015.0,Casual,Kiara Women Sequins Copper Handbag,21528.jpg
59432,Women,Accessories,Bags,Handbags,Black,Summer,2012.0,Casual,Spice Art Women Black Handbag,59432.jpg
32903,Women,Apparel,Bottomwear,Shorts,Red,Summer,2012.0,Casual,Allen Solly Women Red Shorts,32903.jpg
6079,Men,Apparel,Topwear,Tshirts,Grey,Summer,2011.0,Casual,UCB Men's Johny Collar With Two Tone Grey T-shirt,6079.jpg
12960,Men,Footwear,Shoes,Sports Shoes,White,Fall,2011.0,Sports,ADIDAS Men Sports White Sports Shoes,12960.jpg
29321,Men,Apparel,Topwear,Tshirts,Black,Summer,2012.0,Sports,ADIDAS Men Black Jersey,29321.jpg
9031,Men,Footwear,Shoes,Casual Shoes,Tan,Winter,2011.0,Casual,Buckaroo Men loma Tan Casual Shoes,9031.jpg
6845,Unisex,Accessories,Shoe Accessories,Shoe Laces,Black,Summer,2011.0,Casual,Timberland Unisex Hiker Round Lace Shoe Accessories,6845.jpg
18466,Women,Personal Care,Fragrance,Perfume and Body Mist,White,Spring,2017.0,Casual,Reebok Reebounce Women Perfumes,18466.jpg
26369,Women,Apparel,Topwear,Shirts,Blue,Summer,2012.0,Casual,Arrow Woman Blue Shirt,26369.jpg
33489,Men,Apparel,Topwear,Shirts,Green,Summer,2012.0,Casual,Doodle Kids Boy Check Green Shirt,33489.jpg
59056,Women,Footwear,Shoes,Casual Shoes,Blue,Winter,2012.0,Casual,Carlton London Women Blue & Cream Shoes,59056.jpg
15379,Men,Footwear,Shoes,Casual Shoes,Black,Summer,2012.0,Casual,Fila Men Lobato Black Casual Shoes,15379.jpg
45409,Women,Footwear,Shoes,Flats,Black,Winter,2012.0,Casual,Rocia Women Black & Brown Sandals,45409.jpg
56822,Men,Apparel,Bottomwear,Trousers,Beige,Summer,2012.0,Casual,John Players Men Beige Shorts,56822.jpg
58184,Women,Accessories,Bags,Handbags,Beige,Summer,2012.0,Casual,Rocky S Women Beige Handbag,58184.jpg
40947,Boys,Apparel,Topwear,Tshirts,Red,Summer,2012.0,Casual,Gini and Jony Boys Core Red T-shirt,40947.jpg
39381,Men,Apparel,Bottomwear,Jeans,Black,Summer,2012.0,Casual,Peter England Men Party Black Jeans,39381.jpg
15977,Men,Apparel,Topwear,Shirts,Red,Fall,2011.0,Casual,Turtle Solid Men Red Shirt,15977.jpg
32769,Men,Apparel,Topwear,Tshirts,Blue,Spring,2013.0,Casual,Music Men Printed Blue T-shirt,32769.jpg
10439,Men,Apparel,Topwear,Tshirts,Brown,Fall,2011.0,Casual,Flying Machine Men Walnut Brown Tshirts,10439.jpg
59264,Women,Accessories,Watches,Watches,White,Winter,2016.0,Casual,Titan Women White Watch,59264.jpg
14099,Women,Apparel,Topwear,Tops,Pink,Fall,2011.0,Casual,Flying Machine Women Solid Pink Tops,14099.jpg
1852,Men,Apparel,Topwear,Tshirts,Blue,Summer,2011.0,Casual,Inkfruit Men Ride It Or Die T-shirt,1852.jpg
30802,Men,Apparel,Topwear,Shirts,Blue,Summer,2012.0,Ethnic,Fabindia Men Blue Shirt,30802.jpg
51009,Women,Apparel,Innerwear,Bra,Rose,Summer,2017.0,Casual,Enamor Rose Full Figure Bra FF07,51009.jpg
29113,Women,Accessories,Socks,Socks,White,Summer,2012.0,Casual,Puma Women Pack of 3 Socks,29113.jpg
7399,Men,Footwear,Shoes,Formal Shoes,Black,Winter,2018.0,Formal,Red Tape Men's Black Formal Shoe,7399.jpg
26967,Women,Apparel,Topwear,Tops,Navy Blue,Summer,2012.0,Casual,Jealous 21 Women Check Navy Blue Top,26967.jpg
27089,Women,Apparel,Topwear,Kurtas,Brown,Summer,2012.0,Ethnic,Aneri Women Jazz Brown Kurta,27089.jpg
48124,Women,Accessories,Belts,Belts,Brown,Summer,2012.0,Casual,Fossil Women Brown Huarache Weave Belt,48124.jpg
9203,Men,Footwear,Shoes,Sports Shoes,Black,Fall,2011.0,Sports,Puma Men Axis XT Black Shoes,9203.jpg
51835,Women,Apparel,Innerwear,Briefs,Red,Summer,2016.0,Casual,Bwitch Red Lace  Briefs,51835.jpg
3739,Men,Accessories,Headwear,Caps,Blue,Fall,2010.0,Sports,ADIDAS Men Delhi Daredevil Blue Cap,3739.jpg
19786,Men,Apparel,Topwear,Tshirts,Navy Blue,Winter,2016.0,Casual,U.S. Polo Assn. Men Solid Navy Blue Tshirt,19786.jpg
44948,Men,Footwear,Shoes,Sports Shoes,Black,Summer,2012.0,Sports,Puma Men Black Aquil II Sports Shoes,44948.jpg
24091,Men,Apparel,Topwear,Tshirts,Navy Blue,Fall,2011.0,Casual,Manchester United Men Navy Blue Striped T-shirt,24091.jpg
57563,Women,Personal Care,Lips,Lipstick,Brown,Spring,2017.0,,Lotus Herbals Pure Colours Nutty Brown Lipstick 666,57563.jpg
33026,Women,Apparel,Topwear,Kurtas,Pink,Fall,2012.0,Ethnic,Mother Earth Women Pink Kurta,33026.jpg
41406,Women,Apparel,Topwear,Tshirts,Pink,Summer,2012.0,Casual,Wrangler Women Pink T-shirt,41406.jpg
11376,Women,Apparel,Topwear,Tops,Grey,Fall,2011.0,Casual,United Colors Of Benetton Women Light Winter Grey Tops,11376.jpg
25143,Women,Accessories,Bags,Clutches,Silver,Winter,2015.0,Casual,Lino Perros Women Silver Clutch,25143.jpg
44174,Women,Personal Care,Fragrance,Fragrance Gift Set,White,Spring,2017.0,Casual,Nike Fragrances Women Sensual Touch Perfume and Deo Set,44174.jpg
5253,Unisex,Accessories,Bags,Duffel Bag,Grey,Winter,2015.0,Casual,Wildcraft Unisex Black & Grey Duffel Bag,5253.jpg
20431,Women,Accessories,Wallets,Wallets,Brown,Winter,2015.0,Casual,Baggit Women Tijori Viva Brown Wallet,20431.jpg
14604,Men,Accessories,Socks,Socks,Green,Summer,2011.0,Casual,United Colors of Benetton Men Stripes Green Socks,14604.jpg
4381,Men,Apparel,Topwear,Tshirts,Blue,Summer,2011.0,Casual,Superman Men's Silhouette Light Blue T-shirt,4381.jpg
46623,Unisex,Accessories,Bags,Backpacks,Black,Summer,2012.0,Casual,Nike Unisex Ultimatum Max Backpack,46623.jpg
19927,Men,Footwear,Sandal,Sandals,Grey,Fall,2011.0,Casual,ADIDAS Men Receptor Grey Sandals,19927.jpg
7504,Women,Apparel,Topwear,Tshirts,Pink,Summer,2011.0,Sports,Nike Women's Smash Pink T-shirt,7504.jpg
22366,Men,Apparel,Topwear,Tshirts,White,Fall,2011.0,Casual,Ed Hardy Men New Tiger White T-Shirt,22366.jpg
3998,Men,Footwear,Flip Flops,Flip Flops,Black,Summer,2011.0,Casual,Spalding Men's Black and White Graphic Flip Flop,3998.jpg
51694,Unisex,Accessories,Eyewear,Sunglasses,Brown,Winter,2016.0,Casual,Van Heusen Unisex Sunglasses VH216-C2,51694.jpg
16153,Men,Footwear,Shoes,Formal Shoes,Black,Fall,2011.0,Formal,Enroute Men Leather Black Formal Shoes,16153.jpg
17081,Women,Accessories,Wallets,Wallets,Blue,Winter,2015.0,Casual,Lino Perros Women Denim Blue Wallet,17081.jpg
50746,Men,Footwear,Shoes,Formal Shoes,Black,Winter,2018.0,Formal,Red Chief Men Black Formal Shoes,50746.jpg
34203,Men,Apparel,Bottomwear,Track Pants,Charcoal,Winter,2013.0,Casual,Proline Men Charcoal Grey Track Pants,34203.jpg
55234,Women,Personal Care,Makeup,Foundation and Primer,Skin,Summer,2019.0,Casual,Lakme 9to5 Flawless Makeup Marble Foundation,55234.jpg
13421,Men,Apparel,Topwear,Tshirts,Black,Summer,2011.0,Casual,United Colors of Benetton Men Stripes Black Polo T-shirts,13421.jpg
27614,Men,Apparel,Bottomwear,Trousers,Beige,Summer,2012.0,Casual,Scullers Men Beige Trousers,27614.jpg
22154,Men,Footwear,Shoes,Formal Shoes,Black,Fall,2011.0,Formal,Lee Cooper Men Black Formal Shoes,22154.jpg
16361,Men,Apparel,Topwear,Shirts,Maroon,Fall,2011.0,Formal,Peter England Men Stripes Maroon Shirt,16361.jpg
46411,Men,Apparel,Topwear,Sweatshirts,Black,Summer,2012.0,Casual,ADIDAS Men Black Sweatshirt,46411.jpg
7736,Men,Accessories,Headwear,Caps,Red,Fall,2011.0,Casual,Puma Men Ferrari Lifestyle Red Cap,7736.jpg
34031,Boys,Apparel,Topwear,Shirts,Blue,Summer,2012.0,Casual,Gini and Jony Boys Check Blue Shirt,34031.jpg
50574,Men,Apparel,Innerwear,Trunk,Charcoal,Summer,2016.0,Casual,Chromozome Men Pack of Two Trunks,50574.jpg
22968,Unisex,Accessories,Bags,Backpacks,Black,Summer,2011.0,Casual,U.S. Polo Assn. Unisex Casual Olive Backpack,22968.jpg
3396,Women,Accessories,Bags,Handbags,Blue,Winter,2015.0,Casual,Murcia Women Turquoise Blue Handbag,3396.jpg
31543,Men,Apparel,Topwear,Tshirts,Navy Blue,Summer,2012.0,Casual,Classic Polo Men Striped Navy Blue T-shirt,31543.jpg
55006,Women,Personal Care,Lips,Lip Gloss,Copper,Spring,2017.0,,Lakme Sheer Satin Lip Gloss 51,55006.jpg
19329,Men,Footwear,Shoes,Casual Shoes,Brown,Fall,2011.0,Casual,Puma Men Standpunkt Brown Casual Shoes,19329.jpg
13613,Men,Apparel,Innerwear,Innerwear Vests,Red,Summer,2016.0,Casual,Hanes Men Sleeveless V Neck Red Innerwear T-shirt,13613.jpg
27426,Women,Apparel,Bottomwear,Shorts,Grey Melange,Winter,2015.0,Casual,Jockey Women Grey Melange Shorts,27426.jpg
2244,Women,Apparel,Topwear,Tshirts,Black,Fall,2010.0,Casual,ADIDAS Women's Black T-shirt,2244.jpg
43163,Men,Accessories,Watches,Watches,White,Winter,2016.0,Casual,Fastrack Men White Dial Watch,43163.jpg
33214,Women,Apparel,Topwear,Tunics,Black,Summer,2012.0,Casual,Sepia Women Printed Black & Green Tunic,33214.jpg
10096,Women,Footwear,Shoes,Sports Shoes,Blue,Fall,2011.0,Sports,Reebok Women Reeflex Run Blue Sports Shoes,10096.jpg
11144,Men,Apparel,Topwear,Shirts,Black,Fall,2011.0,Casual,Scullers Men Price Catch Black Shirts,11144.jpg
25371,Men,Apparel,Innerwear,Innerwear Vests,Maroon,Summer,2016.0,Casual,Levis Men Maroon Innerwear Vest,25371.jpg
20603,Women,Accessories,Bags,Handbags,Black,Winter,2015.0,Casual,Baggit Women Selection Mayur Black Sling Bag,20603.jpg
58719,Women,Apparel,Topwear,Kurtas,Off White,Summer,2012.0,Ethnic,ALayna Women Off White  Kurta,58719.jpg
11978,Men,Footwear,Sandal,Sandals,Navy Blue,Summer,2012.0,Casual,FILA Men Aruba Navy Blue Sandal,11978.jpg
36766,Men,Accessories,Watches,Watches,Black,Winter,2016.0,Casual,Maxima Men Black Watch,36766.jpg
45294,Women,Accessories,Watches,Watches,Black,Winter,2016.0,Casual,CASIO SHEEN Women Black Dial Watch SX041,45294.jpg
52223,Women,Accessories,Jewellery,Necklace and Chains,White,Fall,2012.0,Casual,Lencia White Swarovski Pearl Necklace,52223.jpg
34455,Women,Footwear,Shoes,Heels,Black,Spring,2013.0,Formal,Rocia Women Black Shoes,34455.jpg
6280,Men,Apparel,Topwear,Tshirts,Pink,Summer,2011.0,Casual,UCB Men's Making Light Pink T-shirt,6280.jpg
46075,Men,Accessories,Belts,Belts,Black,Summer,2012.0,Casual,Lino Perros Men Black Leather Belt,46075.jpg
35587,Men,Footwear,Sandal,Sandals,Brown,Summer,2013.0,Casual,Gliders Men Brown Leather Sandals,35587.jpg
7352,Men,Apparel,Topwear,Tshirts,Purple,Fall,2011.0,Casual,Tantra Men's Whatever Purple T-shirt,7352.jpg
27042,Women,Accessories,Bags,Clutches,Black,Summer,2012.0,Casual,Yelloe Black Animal Print Clutch,27042.jpg
2620,Men,Apparel,Topwear,Tshirts,Blue,Fall,2010.0,Sports,Nike Men's Colors Team India T-shirt,2620.jpg
43507,Men,Apparel,Topwear,Tshirts,Maroon,Summer,2012.0,Casual,French Connection Men Maroon T-shirt,43507.jpg
28836,Women,Apparel,Topwear,Kurtas,Multi,Summer,2012.0,Ethnic,BIBA Women Printed Multi Coloured Kurta,28836.jpg
31127,Girls,Apparel,Dress,Dresses,Black,Summer,2012.0,Casual,Gini and Jony Girls Black Dress,31127.jpg
26190,Men,Personal Care,Fragrance,Perfume and Body Mist,Blue,Spring,2017.0,Casual,4711 Kolnisch Wasser Men Perfume,26190.jpg
55462,Women,Personal Care,Lips,Lipstick,Purple,Spring,2017.0,Casual,Revlon Super Lustrous Plum Baby Lipstick 313,55462.jpg
11520,Women,Apparel,Bottomwear,Jeans,Black,Fall,2011.0,Casual,United Colors of Benetton Women Denim Black Jeans,11520.jpg
25715,Unisex,Accessories,Headwear,Caps,Blue,Summer,2012.0,Sports,ADIDAS Unisex Blue Cap,25715.jpg
41250,Men,Accessories,Belts,Belts,Brown,Summer,2012.0,Formal,Arrow Men Black & Brown Reversible Belt,41250.jpg
40382,Women,Apparel,Topwear,Tops,Pink,Summer,2012.0,Casual,Tokyo Talkies Women Pink Top,40382.jpg
38298,Men,Accessories,Wallets,Wallets,Brown,Summer,2012.0,Casual,Reid & Taylor Men Brown Wallet,38298.jpg
57335,Women,Apparel,Innerwear,Bra,White,Winter,2015.0,Casual,Amante White Bra BCSO01,57335.jpg
52647,Women,Accessories,Bags,Handbags,Black,Summer,2012.0,Casual,Mod'acc Women Black Handbag,52647.jpg
20267,Women,Footwear,Shoes,Heels,Black,Winter,2015.0,Casual,Catwalk Women Casual Black Heels,20267.jpg
14052,Men,Apparel,Topwear,Shirts,White,Fall,2011.0,Casual,Flying Machine Men Solid White Shirts,14052.jpg
53795,Men,Apparel,Topwear,Tshirts,Black,Summer,2012.0,Casual,Puma Men Black T-shirt,53795.jpg
44722,Women,Footwear,Flip Flops,Flip Flops,Orange,Summer,2012.0,Casual,Lotto Women Red & Orange Disco Holic Flip Flops,44722.jpg
5405,Men,Footwear,Shoes,Sports Shoes,White,Fall,2011.0,Sports,Kalenji Ekiden Comfort Prime 2011,5405.jpg
39178,Women,Apparel,Topwear,Kurtas,Blue,Summer,2012.0,Ethnic,Aneri Women Blue & Brown Printed Kurta,39178.jpg
32590,Women,Apparel,Bottomwear,Shorts,Brown,Summer,2012.0,Casual,ONLY Women Brown Shorts,32590.jpg
11712,Men,Apparel,Topwear,Shirts,Blue,Summer,2011.0,Casual,Lee Men Solid Blue Shirts,11712.jpg
25527,Women,Apparel,Topwear,Shirts,Green,Summer,2012.0,Casual,Wrangler Women Stella Green Shirt,25527.jpg
57107,Women,Apparel,Topwear,Tops,Olive,Summer,2012.0,Casual,Elle Women Green Essentials Top,57107.jpg
20869,Men,Footwear,Sandal,Sandals,Brown,Fall,2011.0,Casual,Fila Men Camper Brown Sandals,20869.jpg
33442,Women,Accessories,Bags,Handbags,Teal,Winter,2016.0,Casual,Baggit Women Rade Doko Teal Handbag,33442.jpg
58973,Women,Personal Care,Fragrance,Perfume and Body Mist,Pink,Spring,2017.0,Casual,Colour Me Women Pink Perfume,58973.jpg
52475,Women,Apparel,Loungewear and Nightwear,Bath Robe,White,Winter,2015.0,,Red Rose White & Red Dot Print Bath Robe,52475.jpg
39944,Men,Footwear,Shoes,Casual Shoes,Grey,Summer,2013.0,Casual,GAS Men Grey Namib Shoes,39944.jpg
21187,Men,Footwear,Flip Flops,Flip Flops,Yellow,Summer,2011.0,Casual,ADIDAS Men Plugged In Yellow Flip Flops,21187.jpg
36130,Men,Footwear,Shoes,Casual Shoes,Grey,Summer,2012.0,Casual,Nike Men Dunk High Grey Shoes,36130.jpg
44510,Unisex,Footwear,Shoes,Casual Shoes,Black,Summer,2012.0,Casual,Converse Unisex Black Shoes,44510.jpg
20055,Women,Accessories,Mufflers,Mufflers,Grey,Fall,2011.0,Casual,United Colors Of Benetton Women Grey Muffler,20055.jpg
50322,Women,Apparel,Topwear,Kurtas,Black,Summer,2012.0,Ethnic,Aurelia Women Black Kurta,50322.jpg
28238,Men,Personal Care,Fragrance,Deodorant,Black,Spring,2017.0,Casual,Park Avenue Men Cruise Deo,28238.jpg
13879,Men,Apparel,Topwear,Shirts,Red,Fall,2011.0,Casual,Scullers Men Check Red Shirts,13879.jpg
47395,Women,Accessories,Bags,Handbags,Green,Summer,2012.0,Casual,Baggit Women Green Handbag,47395.jpg
46247,Women,Apparel,Topwear,Tunics,Pink,Summer,2012.0,Casual,Fusion Beats Women Dark Pink Tunic,46247.jpg
7160,Women,Apparel,Topwear,Tunics,Purple,Fall,2011.0,Casual,Scullers For Her Women Fashion Summer Lite Aubergine Tunics,7160.jpg
22702,Women,Footwear,Shoes,Casual Shoes,Beige,Fall,2011.0,Casual,Nike Women Beige Dunk High Casual Shoes,22702.jpg
8914,Men,Footwear,Shoes,Sports Shoes,White,Fall,2011.0,Sports,Puma Men Future Cat Remix SF White Sports Shoes,8914.jpg
16537,Men,Accessories,Headwear,Caps,Blue,Fall,2011.0,Casual,Probase Men Check Blue Cap,16537.jpg
43735,Women,Accessories,Jewellery,Bangle,Gold,Summer,2012.0,Ethnic,Royal Diadem Set of 2 Golden Bangles,43735.jpg
13045,Women,Footwear,Shoes,Flats,Maroon,Winter,2012.0,Casual,Inc 5 Women Casual Maroon Sandals,13045.jpg
27270,Women,Apparel,Topwear,Kurtas,Maroon,Fall,2011.0,Ethnic,Mother Earth Women Printed Maroon Kurta,27270.jpg
12197,Men,Apparel,Topwear,Tshirts,Orange,Summer,2013.0,Casual,Basics Men Orange Polo T-shirt,12197.jpg
55650,Women,Footwear,Shoes,Heels,Multi,Winter,2015.0,Casual,Catwalk Women Multi-coloured Heels,55650.jpg
31315,Women,Apparel,Topwear,Kurtas,Brown,Summer,2012.0,Ethnic,W Women Brown Kurta,31315.jpg
6274,Women,Apparel,Topwear,Tshirts,Green,Summer,2011.0,Casual,UCB Women's Crystal Benetton Green T-shirt,6274.jpg
47153,Girls,Apparel,Bottomwear,Capris,Pink,Summer,2012.0,Casual,Gini and Jony Girls Pink Capris,47153.jpg
17623,Men,Apparel,Bottomwear,Track Pants,Grey,Fall,2011.0,Sports,ADIDAS Men Solid Grey Track Pant,17623.jpg
48927,Women,Accessories,Jewellery,Ring,Silver,Summer,2012.0,Casual,Lucera Women Silver Ring,48927.jpg
51036,Women,Apparel,Loungewear and Nightwear,Nightdress,Lime Green,Summer,2017.0,Casual,Enamor Women Lavender Nightdress,51036.jpg
26958,Women,Apparel,Topwear,Shirts,Teal,Summer,2012.0,Casual,Jealous 21 Women Teal Shirt,26958.jpg
46081,Men,Footwear,Sandal,Sandals,Navy Blue,Summer,2012.0,Casual,ADIDAS Men Navy Blue Benton Sandals,46081.jpg
35573,Men,Footwear,Flip Flops,Flip Flops,Blue,Summer,2013.0,Casual,Gliders Men Esquire Blue Flip Flops,35573.jpg
13283,Men,Apparel,Topwear,Shirts,Blue,Fall,2011.0,Casual,Gini and Jony Kids Boys Check Blue Shirts,13283.jpg
54544,Men,Footwear,Shoes,Sports Shoes,Black,Fall,2012.0,Sports,F Sports Men Black Pace Sports Shoes,54544.jpg
30001,Women,Accessories,Watches,Watches,White,Winter,2016.0,Casual,Aspen Women White Dial Watch,30001.jpg
29910,Men,Accessories,Watches,Watches,Black,Winter,2016.0,Casual,Police Men Black Dial Watch PL12170JSB,29910.jpg
3706,Men,Apparel,Topwear,Tshirts,Grey,Summer,2011.0,Casual,Classic Polo Men's Grey Red & Brown Stripe T-shirt,3706.jpg
26164,Men,Apparel,Bottomwear,Trousers,Grey,Summer,2012.0,Formal,John Miller Men Striped Grey Trousers,26164.jpg
55496,Women,Personal Care,Lips,Lip Gloss,Pink,Spring,2017.0,Casual,Revlon ColorBurst Hot Pink Lip Gloss 10,55496.jpg
56213,Women,Accessories,Jewellery,Earrings,Gold,Winter,2016.0,Casual,Estelle Women Gold Earrings,56213.jpg
15948,Men,Accessories,Ties,Ties,Burgundy,Fall,2011.0,Formal,Turtle Men Stripes Burgundy Ties,15948.jpg
40376,Women,Apparel,Topwear,Tops,Yellow,Summer,2012.0,Casual,Tokyo Talkies Women Yellow Top,40376.jpg
24633,Women,Footwear,Flip Flops,Flip Flops,Pink,Fall,2011.0,Casual,ADIDAS Women Polka Pink Flip Flops,24633.jpg
10406,Women,Apparel,Dress,Dresses,Grey,Fall,2011.0,Casual,United Colors of Benetton Women Solid Grey Dresses,10406.jpg
4523,Men,Footwear,Shoes,Sports Shoes,Blue,Summer,2011.0,Sports,Puma Men's Faas Blue White Silver Red Shoe,4523.jpg
45604,Men,Footwear,Shoes,Formal Shoes,Brown,Summer,2012.0,Formal,Arrow Men Brown Formal Shoes,45604.jpg
15174,Men,Apparel,Topwear,Tshirts,Yellow,Fall,2013.0,Casual,Arrow Men Yellow Polo T-shirt,15174.jpg
21341,Men,Accessories,Eyewear,Sunglasses,Steel,Winter,2016.0,Casual,Pal Zileri Men Casual Steel Frame Sunglasses,21341.jpg
53761,Men,Apparel,Topwear,Tshirts,Green,Summer,2012.0,Casual,Puma Men Green and Blue T-shirt,53761.jpg
37224,Women,Apparel,Topwear,Shirts,Purple,Summer,2012.0,Casual,United Colors of Benetton Women Purple Shirt,37224.jpg
32564,Women,Apparel,Bottomwear,Trousers,Orange,Summer,2012.0,Casual,ONLY Women Orange Trousers,32564.jpg
56021,Women,Personal Care,Lips,Lipstick,Mauve,Spring,2017.0,Casual,Colorbar Soft Touch Venus Lipstick 034,56021.jpg
24401,Women,Apparel,Topwear,Kurtas,Brown,Summer,2012.0,Ethnic,Vishudh Women Brown Printed Kurta,24401.jpg
10634,Men,Footwear,Shoes,Formal Shoes,Black,Winter,2012.0,Formal,Carlton London Men Black Oxford Wingtip Brogues,10634.jpg
40144,Girls,Apparel,Topwear,Tops,Pink,Summer,2012.0,Casual,Gini and Jony Girls Pretty Blossom Pink Top,40144.jpg
58987,Women,Personal Care,Fragrance,Deodorant,Lavender,Spring,2017.0,Casual,Cavallini Women Deo,58987.jpg
59069,Women,Apparel,Innerwear,Bra,White,Summer,2017.0,Casual,Peri Peri Women White Bra,59069.jpg
15346,Men,Apparel,Topwear,Tshirts,Black,Fall,2011.0,Casual,Nike Men Special Edition 3 Star Beed Black Tshirts,15346.jpg
52481,Women,Apparel,Loungewear and Nightwear,Baby Dolls,Pink,Winter,2015.0,Casual,Red Rose Pink & Black Nightdress,52481.jpg
21173,Women,Apparel,Topwear,Shirts,Grey,Fall,2011.0,Casual,s.Oliver Women Grey Shirt,21173.jpg
4711,Unisex,Accessories,Watches,Watches,Black,Winter,2016.0,Sports,ADIDAS Unisex Toronto Hand Black Watch,4711.jpg
40978,Boys,Apparel,Topwear,Tshirts,Red,Summer,2012.0,Casual,Gini and Jony Boys United Red T-shirt,40978.jpg
14294,Men,Apparel,Topwear,Tshirts,Black,Fall,2011.0,Casual,Classic Polo Men Stripes Black Tshirts,14294.jpg
17411,Men,Footwear,Shoes,Sports Shoes,White,Fall,2011.0,Sports,Lotto Men Basketball Mid White Sports Shoe,17411.jpg
9832,Women,Apparel,Topwear,Tshirts,Orange,Fall,2011.0,Casual,Little Miss Women Printed Rust T-shirt,9832.jpg
23624,Girls,Apparel,Topwear,Tops,White,Fall,2011.0,Casual,Doodle Kids Girls White I love Shopping Top,23624.jpg
6046,Men,Apparel,Topwear,Shirts,Green,Summer,2011.0,Casual,UCB Men Logo Chest Green Shirt,6046.jpg
34693,Girls,Apparel,Bottomwear,Shorts,Pink,Summer,2012.0,Casual,Allen Solly Kids Girls Poplin Pink Shorts,34693.jpg
47361,Women,Accessories,Bags,Handbags,Black,Summer,2012.0,Casual,Baggit Women Black Voodoo Gang Handbag,47361.jpg
7194,Women,Apparel,Topwear,Tops,White,Fall,2011.0,Casual,Jealous 21 Women's BFF Printed White Top,7194.jpg
51204,Women,Apparel,Innerwear,Bra,Peach,Summer,2017.0,Casual,Enamor Women Peach Bra,51204.jpg
30233,Men,Footwear,Shoes,Casual Shoes,White,Summer,2012.0,Casual,Numero Uno Men White Shoes,30233.jpg
48329,Women,Accessories,Bags,Handbags,Purple,Summer,2012.0,Casual,Pitaraa Women Purple Sling Bag,48329.jpg
18459,Men,Personal Care,Fragrance,Deodorant,White,Spring,2017.0,Casual,David Beckham Intimately Men Deos,18459.jpg
27284,Women,Apparel,Topwear,Kurtas,Brown,Fall,2011.0,Ethnic,Mother Earth Women Dark Brown Kurta,27284.jpg
12163,Women,Apparel,Bottomwear,Leggings,Purple,Fall,2011.0,Ethnic,Aurelia Women Solid Purple Leggings,12163.jpg
42613,Women,Accessories,Jewellery,Jewellery Set,Gold,Winter,2016.0,Casual,Estelle Women Gold Earring & Pendant Set,42613.jpg
3534,Women,Apparel,Topwear,Tshirts,Black,Summer,2011.0,Casual,Myntra Women's I Want You Black T-shirt,3534.jpg
24065,Men,Apparel,Topwear,Shirts,Green,Fall,2011.0,Casual,Locomotive Men Checked Green Shirt,24065.jpg
10250,Women,Accessories,Bags,Handbags,Brown,Winter,2015.0,Casual,Murcia Women Hahk Brown Handbags,10250.jpg
57597,Women,Personal Care,Lips,Lipstick,Pink,Spring,2017.0,Casual,Lotus Herbals Moistpetals Rudy Pink Lipstick 140,57597.jpg
40520,Men,Accessories,Watches,Watches,Cream,Winter,2016.0,Casual,Titan Men Cream Dial Watch,40520.jpg
1607,Men,Apparel,Bottomwear,Track Pants,Blue,Fall,2010.0,Sports,Reebok Men trackpant- male Track Pants,1607.jpg
11382,Women,Apparel,Topwear,Tshirts,Grey,Fall,2011.0,Casual,United Colors Of Benetton Women Light Winter Grey T-Shirts,11382.jpg
44180,Women,Personal Care,Fragrance,Perfume and Body Mist,White,Spring,2017.0,Casual,Nike Fragrances Women Spicy Love Perfume 150 ml,44180.jpg
37472,Men,Accessories,Watches,Watches,Grey,Winter,2016.0,Casual,Esprit Men Grey Dial Watch,37472.jpg
53137,Women,Footwear,Shoes,Flats,Brown,Winter,2015.0,Casual,Catwalk Women Brown Sandals,53137.jpg
15722,Men,Footwear,Shoes,Sports Shoes,Grey,Fall,2011.0,Sports,Nike Men Lunarswift+ 3 Shield Grey Sports Shoes,15722.jpg
4375,Men,Apparel,Topwear,Tshirts,Navy Blue,Summer,2011.0,Casual,Marvel Comics Men's Comic Poses Navy T-shirt,4375.jpg
35325,Women,Accessories,Jewellery,Earrings,Silver,Winter,2016.0,Ethnic,Fabindia Women Anusuya Silver Earrings,35325.jpg
22392,Women,Apparel,Topwear,Tops,White,Fall,2011.0,Casual,ADIDAS Women Whalf Striper White Top,22392.jpg
51660,Men,Accessories,Watches,Watches,Black,Winter,2016.0,Casual,Fossil Men Black Dial Watch AM4384,51660.jpg
17075,Women,Accessories,Belts,Belts,Navy Blue,Winter,2015.0,Casual,Lino Perros Women Weaved  Navy Blue Belt,17075.jpg
23240,Women,Apparel,Topwear,Kurtas,Blue,Fall,2011.0,Ethnic,Aneri Women Ashna Blue Kurta,23240.jpg
6422,Unisex,Footwear,Shoes,Casual Shoes,Black,Summer,2011.0,Casual,Lotto Unisex Canvas Black Grey Shoe,6422.jpg
18801,Men,Accessories,Belts,Belts,Brown,Summer,2011.0,Casual,Peter England Men Casual Brown Belt,18801.jpg
26732,Women,Personal Care,Fragrance,Deodorant,Purple,Spring,2017.0,Casual,Reebok Women Reestyle Deo,26732.jpg
12507,Men,Footwear,Shoes,Casual Shoes,Black,Winter,2018.0,Casual,Red Tape Men Casual Black Casual Shoes,12507.jpg
31785,Women,Apparel,Topwear,Tops,Navy Blue,Summer,2012.0,Casual,Lee Women Katie Navy Blue Top,31785.jpg
3150,Men,Footwear,Shoes,Sports Shoes,Black,Fall,2010.0,Sports,Nike Men's Lunarswift Black Shoe,3150.jpg
17849,Women,Apparel,Topwear,Tshirts,Grey,Fall,2011.0,Casual,Flying Machine Women This & That Grey Tshirt,17849.jpg
29548,Men,Apparel,Topwear,Tshirts,Navy Blue,Summer,2012.0,Casual,Classic Polo Men Printed Navy Blue T-shirt,29548.jpg
42879,Women,Accessories,Bags,Clutches,Black,Summer,2012.0,Casual,French Connection Women Black Buffy Clutch,42879.jpg
16395,Men,Apparel,Topwear,Shirts,Black,Fall,2011.0,Casual,Levis Men Check Black Shirts,16395.jpg
51452,Women,Apparel,Topwear,Tops,White,Summer,2012.0,Casual,Tonga Women White & Pink Top,51452.jpg
6610,Men,Apparel,Topwear,Tshirts,White,Summer,2011.0,Casual,Spykar Men's Stinger Basket Ball Team White Blue Stripes T-shirt,6610.jpg
47537,Women,Footwear,Shoes,Flats,Brown,Winter,2012.0,Casual,Portia Women Brown Flats,47537.jpg
17247,Men,Apparel,Topwear,Tshirts,Blue,Fall,2011.0,Casual,U.S. Polo Assn. Men Stripes Blue Polo Tshirt,17247.jpg
23072,Men,Apparel,Bottomwear,Trousers,Navy Blue,Winter,2014.0,Formal,Arrow Men Navy Blue Solid Trousers,23072.jpg
42045,Men,Footwear,Shoes,Casual Shoes,Yellow,Summer,2012.0,Casual,Nike Men Wardour Chukka Yellow Casual Shoes,42045.jpg
3362,Men,Apparel,Topwear,Tshirts,Black,Summer,2011.0,Casual,Myntra Men's Creative designs Black T-shirt,3362.jpg
12735,Unisex,Accessories,Headwear,Caps,Black,Fall,2011.0,Sports,Nike Unisex U Black Caps,12735.jpg
54120,Women,Footwear,Shoes,Flats,Beige,Winter,2012.0,Casual,Rocia Women Beige Flats,54120.jpg
30465,Women,Apparel,Innerwear,Bra,Black,Summer,2014.0,Casual,Lovable Women All Day Long Black Bra,30465.jpg
9658,Men,Apparel,Topwear,Shirts,Maroon,Fall,2011.0,Casual,Indigo Nation Men Reversible Bling Maroon Shirt,9658.jpg
43197,Women,Accessories,Watches,Watches,Grey,Winter,2016.0,Casual,Fastrack Women Grey Dial Watch,43197.jpg
38608,Men,Apparel,Topwear,Tshirts,Grey,Summer,2012.0,Casual,Nike Men Grey T-shirt,38608.jpg
24257,Men,Footwear,Shoes,Casual Shoes,Navy Blue,Summer,2012.0,Casual,Numero Uno Men Navy Blue Casual Shoes,24257.jpg
10062,Men,Apparel,Topwear,Tshirts,Grey,Fall,2011.0,Casual,Puma Men Puma runhard tee Grey Tshirts,10062.jpg
56677,Men,Accessories,Watches,Watches,White,Winter,2016.0,Casual,Maxima Men White Dial Watch,56677.jpg
25385,Men,Apparel,Innerwear,Briefs,Navy Blue,Summer,2016.0,Casual,Levis Men Navy Blue Briefs,25385.jpg
32332,Men,Accessories,Watches,Watches,Steel,Winter,2016.0,Casual,Q&Q Men Steel Digital Watch,32332.jpg
5095,Men,Apparel,Topwear,Tshirts,Blue,Summer,2011.0,Casual,Wrangler Men's Greensboro Raw Edge Blue T-shirt,5095.jpg
37640,Women,Accessories,Bags,Clutches,Red,Summer,2012.0,Casual,Wills Lifestyle Women Red Clutch,37640.jpg
4147,Women,Footwear,Shoes,Sports Shoes,White,Summer,2011.0,Sports,Nike Women Glide White Grey Shoe,4147.jpg
36792,Men,Accessories,Watches,Watches,Black,Winter,2016.0,Casual,Maxima Men Black Dial Attivo Watch,36792.jpg
45260,Men,Accessories,Watches,Watches,Black,Winter,2016.0,Casual,CASIO G-Shock Men Black Digital Watch DW-5600E-1VDF G001,45260.jpg
15510,Men,Footwear,Shoes,Casual Shoes,Charcoal,Fall,2011.0,Casual,Rockport Men CV Toe HI Charcoal Casual Shoes,15510.jpg
21725,Men,Apparel,Topwear,Sweatshirts,Navy Blue,Fall,2011.0,Casual,ADIDAS Men Navy Blue Sweatshirt,21725.jpg
34038,Boys,Apparel,Topwear,Shirts,Red,Summer,2012.0,Casual,Gini and Jony Boys Check Red Shirt,34038.jpg
43956,Women,Footwear,Sandal,Sports Sandals,Purple,Summer,2012.0,Casual,Puma Women Purple Techno Sandals,43956.jpg
28467,Women,Apparel,Topwear,Tshirts,Rust,Summer,2012.0,Casual,Urban Yoga Women Printed Rust T-shirt,28467.jpg
16368,Men,Apparel,Bottomwear,Trousers,Charcoal,Fall,2011.0,Formal,Peter England Men Stripes Charcoal Trouser,16368.jpg
42884,Women,Accessories,Bags,Clutches,Beige,Summer,2012.0,Casual,French Connection Women Beige Clutch,42884.jpg
55833,Women,Personal Care,Makeup,Highlighter and Blush,Skin,Spring,2017.0,Casual,Colorbar Glamour Radiant Glow 001,55833.jpg
46418,Men,Accessories,Watches,Watches,Olive,Winter,2016.0,Casual,Timex Men Olive Green Dial Watch DV10,46418.jpg
48582,Men,Accessories,Jewellery,Bracelet,Steel,Summer,2012.0,Casual,Revv Men Steel Bracelet,48582.jpg
30498,Women,Apparel,Innerwear,Bra,Brown,Summer,2012.0,Casual,Lovable Women Fiona Brown Bra,30498.jpg
8777,Men,Apparel,Topwear,Shirts,Blue,Fall,2011.0,Casual,Indigo Nation Men Price catch Blue Shirts,8777.jpg
19320,Unisex,Accessories,Bags,Backpacks,Pink,Fall,2011.0,Casual,Nike Unisex Classic Turf Pink Backpack,19320.jpg
25378,Men,Apparel,Innerwear,Innerwear Vests,Beige,Summer,2016.0,Casual,Levis Men Beige Innerwear T-shirt,25378.jpg
4986,Men,Apparel,Topwear,Tshirts,Red,Summer,2011.0,Sports,ADIDAS Men Bayern Munchen Red Jersey,4986.jpg
39727,Women,Apparel,Topwear,Shirts,Blue,Summer,2012.0,Formal,Arrow Woman Blue Shirt,39727.jpg
57758,Women,Personal Care,Skin Care,Face Wash and Cleanser,White,Spring,2017.0,,Lotus Herbals Jojobawash Face Wash,57758.jpg
5854,Women,Accessories,Bags,Handbags,Pink,Summer,2011.0,Casual,ADIDAS Women Pink Handbag,5854.jpg
11971,Men,Footwear,Shoes,Sports Shoes,White,Fall,2011.0,Sports,Fila Men Glow White Sports Shoes,11971.jpg
5068,Men,Accessories,Watches,Watches,Blue,Winter,2016.0,Casual,Being Human Men Grey Dial Blue Strap Watch,5068.jpg
39515,Unisex,Accessories,Bags,Laptop Bag,Brown,Summer,2012.0,Casual,Peter England Unisex Brown Laptop Bag,39515.jpg
45893,Men,Accessories,Watches,Watches,Black,Winter,2016.0,Casual,Maxima Ssteele Men Black Dial Watch,45893.jpg
44941,Men,Footwear,Shoes,Formal Shoes,Black,Summer,2013.0,Formal,Franco Leone Men Formal Shoes,44941.jpg
24098,Men,Footwear,Sandal,Sandals,Black,Summer,2012.0,Casual,Red Tape Men Black Sandals,24098.jpg
4388,Men,Apparel,Topwear,Tshirts,Green,Summer,2011.0,Casual,DC Comics Lantern Arrow All Over Green T-shirt,4388.jpg
58522,Unisex,Accessories,Accessories,Travel Accessory,Rust,Summer,2015.0,Casual,Wildcraft Unisex Rust Orange Travel Pouch,58522.jpg
28655,Men,Footwear,Shoes,Sports Shoes,White,Summer,2012.0,Sports,Nike Men Zoom Structure White Sports Shoes,28655.jpg
2843,Men,Apparel,Topwear,Tshirts,Pink,Summer,2011.0,Casual,Mr.Men Men's Mr.Mischief Pink T-shirt,2843.jpg
17088,Women,Accessories,Wallets,Wallets,Brown,Winter,2015.0,Casual,Lino Perros Women Flower LT.Brown Wallet,17088.jpg
3991,Men,Apparel,Topwear,Tshirts,White,Summer,2011.0,Casual,Mr.Men Men's Wave Rider White T-shirt,3991.jpg
29787,Men,Apparel,Topwear,Tshirts,White,Summer,2013.0,Casual,Basics Men White T-shirt,29787.jpg
9497,Men,Footwear,Sandal,Sandals,Black,Summer,2011.0,Casual,Decathlon Men Arpenaz Black Sandals,9497.jpg
13428,Men,Apparel,Topwear,Tshirts,White,Summer,2011.0,Casual,United Colors of Benetton Men Printed White Tshirts,13428.jpg
19112,Men,Apparel,Topwear,Tshirts,Grey,Summer,2016.0,Casual,Campbell Men Pack of 3 Solid Tshirts,19112.jpg
16966,Men,Footwear,Shoes,Sports Shoes,Black,Fall,2011.0,Sports,Reebok Men Sprintfit Lite Black Sports Shoe,16966.jpg
49662,Women,Accessories,Eyewear,Sunglasses,Black,Winter,2016.0,Casual,United Colors of Benetton Women Sunglass,49662.jpg
20860,Women,Accessories,Eyewear,Sunglasses,Black,Winter,2016.0,Casual,United Colors of Benetton Women Casual Sunglasses,20860.jpg
32599,Women,Apparel,Topwear,Tops,Black,Summer,2012.0,Casual,ONLY Women Black Top,32599.jpg
39171,Women,Apparel,Topwear,Kurtas,Pink,Summer,2012.0,Ethnic,Aneri Women Pink & White Kurta,39171.jpg
36905,Men,Accessories,Watches,Watches,Black,Winter,2016.0,Casual,Fossil Men Black Dial Watch ME1113,36905.jpg
57932,Men,Apparel,Topwear,Tshirts,White,Summer,2012.0,Casual,French Connection Men White T-shirt,57932.jpg
58146,Unisex,Accessories,Bags,Backpacks,Black,Summer,2012.0,Casual,Puma Unisex Black Backpack,58146.jpg
40985,Boys,Apparel,Topwear,Tshirts,White,Summer,2012.0,Casual,Gini and Jony Boys United White T-shirt,40985.jpg
41857,Men,Footwear,Sandal,Sandals,Olive,Summer,2012.0,Casual,Bata Men Hummer Grey Sandals,41857.jpg
59094,Women,Apparel,Innerwear,Bra,Black,Summer,2017.0,Casual,Peri Peri Women Black Bra,59094.jpg
36139,Men,Footwear,Shoes,Sports Shoes,Black,Summer,2012.0,Sports,Nike Men The Overplay VII Black Sports Shoes,36139.jpg
7169,Men,Apparel,Topwear,Shirts,Blue,Fall,2011.0,Casual,Scullers Men Scul Navy Blue Shirt,7169.jpg
28231,Men,Personal Care,Fragrance,Deodorant,Black,Spring,2017.0,Casual,Playboy Men Malibu Deo,28231.jpg
13870,Men,Apparel,Topwear,Shirts,Beige,Fall,2011.0,Casual,Scullers Men Stripes Beige Shirts,13870.jpg
19576,Women,Apparel,Topwear,Tops,White,Summer,2011.0,Casual,United Colors of Benetton Women White Top,19576.jpg
7955,Men,Apparel,Topwear,Tshirts,Grey,Fall,2011.0,Sports,Puma Men's Foundation Grey Polo T-shirt,7955.jpg
8121,Men,Accessories,Belts,Belts,Brown,Winter,2016.0,Casual,Fastrack Men Brown Belt,8121.jpg
27279,Women,Apparel,Topwear,Kurtas,Blue,Fall,2011.0,Ethnic,Mother Earth Women Blue Kurta,27279.jpg
6887,Women,Apparel,Topwear,Jackets,Blue,Summer,2011.0,Casual,Forever New Women Indigo Wash Blue Jacket,6887.jpg
31912,Women,Accessories,Bags,Handbags,Green,Summer,2012.0,Casual,Fabindia Women Green Sling Bag,31912.jpg
49808,Women,Footwear,Flip Flops,Flip Flops,Blue,Winter,2012.0,Casual,iPanema Women Blue Flip Flops,49808.jpg
22539,Women,Footwear,Shoes,Heels,Brown,Winter,2012.0,Casual,Inc.5  Women Grey Flats,22539.jpg
27877,Women,Apparel,Topwear,Shirts,Navy Blue,Summer,2012.0,Casual,Scullers For Her Women Printed Navy Blue Shirt,27877.jpg
6289,Men,Apparel,Topwear,Tshirts,Brown,Summer,2011.0,Casual,Classic Polo Classic Polo Swiss Brown Tee T-Shirt,6289.jpg
28003,Men,Apparel,Innerwear,Briefs,White,Summer,2016.0,Casual,Jockey ZONE Men Zone White Brief US18,28003.jpg
8313,Women,Accessories,Bags,Handbags,Black,Winter,2016.0,Casual,Fastrack Women Nylon Black Handbag,8313.jpg
49034,Women,Accessories,Jewellery,Ring,Silver,Summer,2012.0,Casual,Lucera Women Silver Ring,49034.jpg
19744,Men,Apparel,Topwear,Jackets,Green,Fall,2011.0,Casual,ADIDAS Originals Men Solid Green Jacket,19744.jpg
26199,Men,Personal Care,Fragrance,Perfume and Body Mist,Black,Spring,2017.0,Casual,Formula 1 Men Power Perfume,26199.jpg
47992,Women,Accessories,Watches,Watches,Black,Winter,2016.0,Casual,Helix Women Black Watch,47992.jpg
18696,Men,Apparel,Innerwear,Briefs,Black,Summer,2016.0,Casual,Hanes Men Black Ultimate Duo Dry Cotton Stretch Bikini Briefs,18696.jpg
2629,Women,Footwear,Shoes,Flats,Black,Fall,2010.0,Casual,Carlton London Women Four Strapped Black Sandal,2629.jpg
14867,Men,Accessories,Wallets,Wallets,Black,Summer,2011.0,Casual,United Colors of Benetton Men Solid Black Wallets,14867.jpg
38291,Men,Accessories,Wallets,Wallets,Black,Summer,2012.0,Casual,Reid & Taylor Men Black Wallet,38291.jpg
11529,Men,Apparel,Topwear,Sweaters,Grey,Fall,2011.0,Casual,United Colors Of Benetton Men Heavy Winter Grey Sweaters,11529.jpg
41259,Men,Accessories,Wallets,Wallets,Brown,Summer,2012.0,Casual,Arrow Men Brown Leather Wallet,41259.jpg
1890,Men,Apparel,Topwear,Tshirts,Red,Winter,2010.0,Casual,FIFA Mens Essentials Red T-shirt,1890.jpg
15189,Men,Apparel,Topwear,Tshirts,Green,Fall,2011.0,Casual,Arrow Sport Men Solid Green Polo Tshirts,15189.jpg
24408,Men,Footwear,Shoes,Sports Shoes,Black,Summer,2012.0,Sports,ADIDAS Men Black Vanquish Sports Shoes,24408.jpg
20894,Men,Footwear,Shoes,Casual Shoes,Red,Fall,2011.0,Casual,Basics Men Red Casual Shoes,20894.jpg
21946,Women,Accessories,Bags,Handbags,Black,Winter,2015.0,Casual,Murcia Women Casual Black Handbag,21946.jpg
39185,Women,Apparel,Topwear,Kurtas,Khaki,Summer,2012.0,Ethnic,Aneri Women Khaki Kurta,39185.jpg
56028,Women,Personal Care,Lips,Lipstick,Maroon,Spring,2017.0,Casual,Colorbar Soft Touch Spring Fling Lipstick 023,56028.jpg
40971,Men,Footwear,Shoes,Casual Shoes,Brown,Winter,2012.0,Casual,Buckaroo Men Brown Casual Shoes,40971.jpg
52488,Women,Apparel,Innerwear,Camisoles,Red,Winter,2015.0,Casual,Red Rose Red Camisole,52488.jpg
59060,Women,Apparel,Topwear,Kurtas,Red,Summer,2012.0,Ethnic,Global Desi Women Multi Coloured Kurta,59060.jpg
4718,Girls,Apparel,Topwear,Tshirts,Yellow,Summer,2011.0,Casual,Disney Kids Girl's Summer Fun Fair Yellow Teen Kidswear,4718.jpg
56814,Women,Apparel,Topwear,Kurtis,Multi,Summer,2012.0,Ethnic,Aneri Women Multi Coloured Kurti,56814.jpg
12956,Men,Footwear,Shoes,Sports Shoes,Blue,Fall,2011.0,Sports,ADIDAS Men Sports Blue Sports Shoes,12956.jpg
29317,Unisex,Accessories,Bags,Backpacks,Blue,Summer,2012.0,Casual,ADIDAS Unisex Blue Backpack,29317.jpg
17418,Men,Accessories,Watches,Watches,Black,Winter,2016.0,Casual,CASIO ENTICER Men Black Analogue Watch BS112 ,17418.jpg
47368,Women,Accessories,Bags,Handbags,Brown,Summer,2015.0,Casual,Baggit Brown Handbag,47368.jpg
13884,Men,Apparel,Topwear,Shirts,Black,Fall,2011.0,Casual,Scullers Men Check Black Shirts,13884.jpg
19582,Men,Apparel,Topwear,Tshirts,Grey,Summer,2011.0,Casual,United Colors of Benetton Men Printed Grey TShirt,19582.jpg
48320,Women,Accessories,Jewellery,Bracelet,Silver,Winter,2012.0,Casual,Pitaraa Silver Omelette Thin Bracelet,48320.jpg
9007,Women,Accessories,Bags,Handbags,Silver,Winter,2015.0,Casual,Murcia Women Silver Black Purse Silver Handbags,9007.jpg
6873,Women,Apparel,Dress,Dresses,Black,Summer,2011.0,Casual,Forever New Women's Top Black Dress,6873.jpg
18450,Women,Personal Care,Fragrance,Perfume and Body Mist,White,Spring,2017.0,Casual,Ed Hardy Life Love & Luck by Christian Audigier for Women Perfume,18450.jpg
29125,Women,Accessories,Eyewear,Sunglasses,White,Winter,2016.0,Casual,Vogue Women White Sunglasses,29125.jpg
26951,Women,Apparel,Topwear,Tshirts,Teal,Summer,2012.0,Casual,Jealous 21 Women Printed Teal T-shirt,26951.jpg
27883,Women,Apparel,Topwear,Tshirts,Pink,Summer,2012.0,Casual,Scullers For Her Women Pink Shirt,27883.jpg
30834,Women,Apparel,Topwear,Kurtas,Blue,Summer,2012.0,Ethnic,Fabindia Women Blue Kurta,30834.jpg
29919,Men,Accessories,Watches,Watches,Black,Winter,2016.0,Casual,Police Men Black Dial Chronograph Watch PL12699JS-02,29919.jpg
42428,Women,Apparel,Topwear,Kurtas,Brown,Summer,2012.0,Ethnic,Aurelia Women Brown & Orange Kurta,42428.jpg
12358,Men,Apparel,Topwear,Shirts,Cream,Fall,2011.0,Formal,Reid & Taylor Men Solid Cream Shirts,12358.jpg
48112,Women,Accessories,Belts,Belts,Brown,Summer,2012.0,Casual,Fossil Women Brown Belt,48112.jpg
9235,Men,Apparel,Topwear,Shirts,Blue,Fall,2011.0,Formal,Mark Taylor Men Plain Blue Shirts,9235.jpg
14893,Women,Accessories,Accessories,Travel Accessory,Blue,Summer,2011.0,Casual,United Colors of Benetton Women Solid Blue Bags,14893.jpg
15941,Men,Accessories,Belts,Belts,Black,Fall,2011.0,Casual,Turtle Men Leather Black Belts,15941.jpg
53768,Men,Apparel,Topwear,Tshirts,Blue,Summer,2012.0,Casual,Puma Men Blue T-shirt,53768.jpg
21348,Men,Accessories,Eyewear,Sunglasses,Silver,Winter,2016.0,Casual,Pal Zileri Men Casual Metal Frame Sunglasses,21348.jpg
59252,Men,Accessories,Watches,Watches,White,Winter,2016.0,Casual,Titan Men White Dial Automatic Watch NB9365SL01,59252.jpg
6619,Men,Footwear,Shoes,Sports Shoes,White,Summer,2011.0,Sports,ADIDAS Men's Boris White Shoe,6619.jpg
54915,Men,Apparel,Topwear,Tshirts,Cream,Summer,2012.0,Casual,Do u speak Cream Men T-shirt,54915.jpg
50589,Men,Apparel,Innerwear,Briefs,Navy Blue,Summer,2016.0,Casual,Chromozome Men Navy Blue Briefs,50589.jpg
42870,Women,Accessories,Bags,Handbags,Purple,Summer,2012.0,Casual,French Connection Women Purple Handbag,42870.jpg
18206,Men,Accessories,Headwear,Caps,Black,Fall,2011.0,Casual,Manchester United Men Solid Black Cap,18206.jpg
54129,Women,Footwear,Shoes,Heels,Beige,Winter,2012.0,Casual,Rocia Women Beige Flats,54129.jpg
23847,Men,Footwear,Shoes,Sports Shoes,White,Fall,2011.0,Sports,ADIDAS Men White Duramo 3 Sports Shoes,23847.jpg
48576,Men,Accessories,Jewellery,Bracelet,Steel,Summer,2012.0,Casual,Revv Men Steel Bracelet,48576.jpg
9651,Men,Apparel,Topwear,Shirts,Green,Fall,2011.0,Casual,Indigo Nation Men Checks Green Shirts,9651.jpg
8783,Men,Apparel,Topwear,Shirts,Red,Fall,2011.0,Casual,Indigo Nation Men Bling PC Red Shirt,8783.jpg
4972,Men,Apparel,Topwear,Shirts,Green,Summer,2011.0,Casual,Gini and Jony Boy's Kangaroo Green White Kidswear,4972.jpg
38601,Men,Apparel,Topwear,Tshirts,Red,Summer,2012.0,Casual,Nike Men Printed Red T-shirt,38601.jpg
45269,Men,Accessories,Watches,Watches,Black,Summer,2017.0,Casual,CASIO Youth Series Digital Men Black Small Dial Digital Watch W-210-1CVDF I065,45269.jpg
11985,Men,Footwear,Shoes,Sports Shoes,Black,Fall,2011.0,Sports,Fila Men Glow Black Sports Shoes,11985.jpg
59636,Women,Apparel,Saree,Sarees,Sea Green,Fall,2012.0,Ethnic,FNF Sea Green Collection For Wedding Sari,59636.jpg
15519,Men,Footwear,Flip Flops,Flip Flops,Brown,Fall,2011.0,Casual,Rockport Men Jelba Brown Flip Flops,15519.jpg
10857,Men,Apparel,Topwear,Tshirts,White,Fall,2011.0,Casual,Wrangler Men Rider Striper Polo White T-Shirts,10857.jpg
10259,Men,Apparel,Bottomwear,Trousers,Black,Fall,2011.0,Formal,John Miller Men Reglur Black Trousers,10259.jpg
53902,Women,Accessories,Bags,Handbags,Brown,Summer,2012.0,Casual,Kiara Women Brown Handbag,53902.jpg
38433,Women,Accessories,Bags,Mobile Pouch,Green,Summer,2012.0,Casual,Baggit Women Green Mobile Pouch,38433.jpg
40529,Women,Accessories,Watches,Watches,White,Winter,2016.0,Casual,Titan Women White Dial Watch,40529.jpg
59404,Women,Apparel,Topwear,Tops,Blue,Fall,2012.0,Casual,Tokyo Talkies Women Blue Top,59404.jpg
25982,Women,Personal Care,Fragrance,Perfume and Body Mist,White,Spring,2017.0,Casual,J. DEL POZO Women In White Perfume 100 ml,25982.jpg
44189,Women,Footwear,Flip Flops,Flip Flops,Pink,Winter,2012.0,Casual,iPanema Women Pink Flip Flops,44189.jpg
24850,Men,Accessories,Belts,Belts,Brown,Summer,2012.0,Formal,Indigo Nation Men Formal Brown Belts,24850.jpg
23249,Men,Footwear,Shoes,Formal Shoes,Black,Fall,2011.0,Formal,Arrow Men Formal Black Shoes,23249.jpg
18808,Men,Accessories,Belts,Belts,Navy Blue,Summer,2011.0,Casual,Peter England Men Casual Navy Blue Belt,18808.jpg
51669,Men,Accessories,Eyewear,Sunglasses,Silver,Winter,2016.0,Casual,Louis Philippe Men Grey Sunglasses,51669.jpg
3965,Women,Apparel,Topwear,Tops,White,Summer,2011.0,Casual,Jealous 21 Women White Sleeveless Top,3965.jpg
29773,Men,Apparel,Topwear,Shirts,Green,Summer,2012.0,Casual,Wrangler Men Green Striped Shirt,29773.jpg
48744,Men,Accessories,Jewellery,Bangle,Steel,Summer,2015.0,Casual,Revv Men Steel Bangle,48744.jpg
17840,Men,Footwear,Shoes,Sports Shoes,Red,Fall,2011.0,Sports,Nike Men Air Quick Handle Red Sports Shoe,17840.jpg
9463,Men,Apparel,Topwear,Shirts,White,Fall,2011.0,Formal,John Miller Men White Shirt,9463.jpg
18034,Women,Accessories,Bags,Handbags,Beige,Winter,2015.0,Casual,Lino Perros Women Solid Beige Handbag,18034.jpg
16992,Women,Accessories,Belts,Belts,Black,Summer,2011.0,Casual,Puma Women Dizzy  Black Belt,16992.jpg
3159,Men,Footwear,Shoes,Sports Shoes,White,Fall,2010.0,Sports,Nike Men's Air Max Moto White Blue Shoe,3159.jpg
49696,Men,Free Items,Free Gifts,Ties,Blue,Summer,2012.0,Formal,Park Avenue Blue Patterned Tie,49696.jpg
14858,Women,Accessories,Wallets,Wallets,Red,Summer,2011.0,Casual,United Colors of Benetton Women Solid Red Wallets,14858.jpg
33646,Men,Footwear,Sandal,Sandals,Black,Summer,2012.0,Casual,Lotto Men Ridge Black Sandals,33646.jpg
57303,Women,Footwear,Shoes,Heels,Brown,Winter,2012.0,Casual,Rocia Women Brown Wedges,57303.jpg
11516,Women,Footwear,Shoes,Heels,Black,Winter,2015.0,Casual,Catwalk Women Lifestyle Black Heels,11516.jpg
41266,Men,Accessories,Wallets,Wallets,Brown,Summer,2012.0,Casual,Arrow Men Brown Wallet,41266.jpg
20251,Men,Apparel,Topwear,Tshirts,Grey,Fall,2011.0,Casual,Wrangler Men Heavy Grey Tshirt,20251.jpg
14064,Men,Apparel,Topwear,Tshirts,Red,Fall,2011.0,Casual,Flying Machine Men Pack of 2 Stripes Red Blue Tshirts,14064.jpg
44714,Men,Footwear,Flip Flops,Flip Flops,Maroon,Summer,2012.0,Casual,Lotto Men Maroon Juve Flip Flop,44714.jpg
5433,Men,Apparel,Topwear,Tshirts,Red,Summer,2011.0,Casual,Nike Men's Speed Fury Red T-shirt,5433.jpg
52671,Men,Accessories,Watches,Watches,Navy Blue,Winter,2016.0,Casual,Morellato Men Navy Blue Watch,52671.jpg
59299,Men,Apparel,Topwear,Shirts,Blue,Fall,2012.0,Casual,U.S. Polo Assn. Men Striped Blue Shirt,59299.jpg
49837,Women,Footwear,Flip Flops,Flip Flops,Blue,Winter,2012.0,Casual,iPanema Women Blue Flip Flops,49837.jpg
16733,Men,Footwear,Flip Flops,Flip Flops,Black,Fall,2011.0,Casual,Lotto Men Earth Black Slipper,16733.jpg
7364,Men,Footwear,Shoes,Casual Shoes,Brown,Winter,2018.0,Casual,Red Tape Men's Brown casual Shoe,7364.jpg
34463,Unisex,Accessories,Bags,Backpacks,Black,Summer,2012.0,Casual,ADIDAS Unisex Black Backpack,34463.jpg
47191,Men,Footwear,Shoes,Formal Shoes,Black,Summer,2012.0,Formal,Franco Leone Men Black Formal Shoes,47191.jpg
27848,Women,Apparel,Topwear,Tshirts,Navy Blue,Summer,2012.0,Casual,Scullers For Her Navy Blue T-shirt,27848.jpg
31111,Boys,Apparel,Bottomwear,Jeans,Black,Summer,2012.0,Casual,Gini and Jony Boys Solid Black Jeans,31111.jpg
55454,Women,Personal Care,Lips,Lipstick,Burgundy,Spring,2017.0,Casual,Revlon Velvet Touch Royal Burgundy Lipstick 96,55454.jpg
12393,Men,Accessories,Socks,Socks,Black,Summer,2016.0,Formal,Reid & Taylor Men Solid Black Socks,12393.jpg
13241,Men,Apparel,Topwear,Jackets,White,Fall,2011.0,Casual,Palm Tree Kids Boys Solid White Jackets,13241.jpg
54586,Women,Apparel,Topwear,Kurtas,Green,Summer,2012.0,Ethnic,Sushilas Women Printed Green Kurta,54586.jpg
27074,Women,Footwear,Shoes,Flats,Blue,Winter,2015.0,Casual,Catwalk Women Blue Casual Flats,27074.jpg
2616,Women,Footwear,Shoes,Flats,Gold,Fall,2010.0,Sports,Carlton London Women Gold Wedge Sandal,2616.jpg
43531,Women,Apparel,Topwear,Tops,Off White,Summer,2012.0,Casual,French Connection Women Off White Top,43531.jpg
46271,Women,Apparel,Dress,Dresses,Blue,Summer,2012.0,Casual,109F Blue A-Line Dress,46271.jpg
35783,Women,Footwear,Shoes,Heels,Turquoise Blue,Summer,2012.0,Casual,Enroute Women Turquoise Blue Flats,35783.jpg
7156,Men,Apparel,Topwear,Shirts,Black,Fall,2011.0,Casual,Scullers Men Black Check Shirt,7156.jpg
22734,Women,Footwear,Shoes,Sports Shoes,Grey,Fall,2011.0,Sports,Nike Women Grey Lunarglide +3 Sports Shoes,22734.jpg
8922,Men,Accessories,Belts,Belts,White,Fall,2011.0,Casual,Puma Men Cat  White Belt,8922.jpg
16501,Men,Apparel,Topwear,Tshirts,Brown,Fall,2011.0,Casual,Locomotive Men Printed Brown TShirt,16501.jpg
50314,Men,Accessories,Ties,Ties,Brown,Summer,2012.0,Formal,Park Avenue Men Brown Tie,50314.jpg
34651,Women,Footwear,Shoes,Sports Shoes,Black,Fall,2012.0,Sports,Fila Women Top Fuel Black Sports Shoes,34651.jpg
6084,Men,Apparel,Topwear,Tshirts,White,Summer,2011.0,Casual,UCB Men's Johny Collar With Two Tone White T-shirt,6084.jpg
19549,Men,Apparel,Topwear,Sweatshirts,Grey,Fall,2011.0,Casual,United Colors of Benetton Men Solid Grey Sweatshirt,19549.jpg
49239,Men,Accessories,Headwear,Caps,White,Fall,2012.0,Casual,Arrow Men White Cap,49239.jpg
31323,Women,Apparel,Topwear,Kurtas,White,Summer,2012.0,Ethnic,Aurelia Women Printed Red Kurta,31323.jpg
43703,Women,Accessories,Jewellery,Jewellery Set,Red,Summer,2012.0,Casual,Royal Diadem Red Earring & Pendant Set,43703.jpg
13073,Men,Footwear,Shoes,Casual Shoes,White,Fall,2012.0,Casual,Numero Uno Men White Shoes,13073.jpg
57131,Women,Apparel,Topwear,Tops,Teal,Summer,2012.0,Casual,Elle Women Teal Top,57131.jpg
40186,Women,Apparel,Topwear,Kurtis,Black,Summer,2012.0,Ethnic,Mumbai Slang Women Pink & Black Kurti,40186.jpg
58945,Women,Personal Care,Fragrance,Perfume and Body Mist,White,Spring,2017.0,Casual,Taylor of London Women White Satin Perfume,58945.jpg
33474,Women,Accessories,Belts,Belts,Blue,Summer,2012.0,Casual,Baggit Women Chotu Dum Blue Belt,33474.jpg
59897,Women,Apparel,Dress,Dresses,Yellow,Fall,2012.0,Casual,Femella Women Yellow Dress,59897.jpg
11724,Women,Apparel,Topwear,Shirts,Red,Fall,2011.0,Casual,Lee Women Check Red Shirts,11724.jpg
5601,Men,Footwear,Flip Flops,Flip Flops,Brown,Summer,2011.0,Casual,Nike Men's Splash Thong Yellow Black Flip Flop,5601.jpg
20063,Women,Accessories,Mufflers,Mufflers,Black,Fall,2011.0,Casual,United Colors Of Benetton Women Black Muffler,20063.jpg
53591,Men,Free Items,Free Gifts,Free Gifts,White,Winter,2016.0,Casual,Q&Q Men White Dial Watch,53591.jpg
58179,Women,Accessories,Bags,Handbags,Blue,Summer,2012.0,Casual,Rocky S Women Blue Handbag,58179.jpg
39972,Men,Footwear,Shoes,Casual Shoes,Grey,Summer,2013.0,Casual,GAS Men Grey Campus Casual Shoes,39972.jpg
15384,Men,Footwear,Flip Flops,Flip Flops,Black,Summer,2013.0,Casual,Filac Men Hawai Black Slippers,15384.jpg
52443,Women,Apparel,Loungewear and Nightwear,Nightdress,Green,Winter,2015.0,Casual,Red Rose White & Green Nightdress,52443.jpg
41868,Men,Footwear,Sandal,Sandals,Turquoise Blue,Summer,2015.0,Casual,Estd. 1977 Men Turquoise Blue Sandals,41868.jpg
36106,Men,Accessories,Wallets,Wallets,Black,Summer,2012.0,Casual,OTLS Men Laurel Black Wallet,36106.jpg
23282,Men,Accessories,Watches,Watches,Off White,Winter,2016.0,Casual,Maxima Men Off White Dial Watch,23282.jpg
34235,Men,Apparel,Topwear,Tshirts,Cream,Summer,2013.0,Casual,Proline Men Cream-Coloured Polo T-Shirt,34235.jpg
46615,Women,Footwear,Shoes,Heels,Red,Winter,2012.0,Casual,Catwalk Women Red Flats,46615.jpg
19911,Unisex,Accessories,Bags,Messenger Bag,Grey,Winter,2015.0,Casual,Wildcraft Unisex Grey Printed Messenger Bag,19911.jpg
7532,Men,Apparel,Topwear,Tshirts,Blue,Summer,2011.0,Sports,Nike Men's Encourage Blue T-shirt,7532.jpg
22350,Men,Apparel,Topwear,Shirts,Blue,Fall,2011.0,Casual,John Players Men Check Blue Shirt,22350.jpg
16165,Men,Footwear,Shoes,Casual Shoes,Tan,Fall,2011.0,Casual,Enroute Men Leather Brown Casual Shoes,16165.jpg
2040,Men,Apparel,Topwear,Tshirts,White,Fall,2010.0,Casual,ADIDAS Mens Fire White Polo T-shirt,2040.jpg
30695,Women,Footwear,Shoes,Flats,Bronze,Winter,2012.0,Casual,Catwalk Women Bronze toned Sandals,30695.jpg
43367,Women,Footwear,Shoes,Flats,Black,Summer,2012.0,Casual,Reebok Women Black Casual Shoes,43367.jpg
13417,Men,Apparel,Topwear,Shirts,Blue,Summer,2011.0,Casual,United Colors of Benetton Men Solid Blue Shirts,13417.jpg
27622,Men,Apparel,Bottomwear,Trousers,Grey,Summer,2012.0,Casual,Scullers Men Grey Trousers,27622.jpg
55202,Women,Personal Care,Lips,Lip Care,Pink,Spring,2017.0,Casual,Lakme Lip Love Hottie Lip Conditioner,55202.jpg
3192,Men,Apparel,Topwear,Tshirts,Black,Summer,2011.0,Casual,Tantra Men's Prism Black T-shirt,3192.jpg
16959,Women,Accessories,Eyewear,Sunglasses,Brown,Winter,2016.0,Casual,Image Women Classic Eyewear Brown Sunglasses,16959.jpg
11340,Men,Apparel,Bottomwear,Jeans,Blue,Summer,2017.0,Casual,Lee Men Blue Chicago Fit Jeans,11340.jpg
25175,Women,Accessories,Bags,Handbags,Red,Winter,2015.0,Casual,Lino Perros Women Red and Grey Handbag,25175.jpg
10292,Women,Footwear,Shoes,Heels,Brown,Summer,2015.0,Casual,Clarks Women Brown Leather Heels,10292.jpg
57555,Women,Personal Care,Lips,Lipstick,Pink,Spring,2017.0,,Lotus Herbals SPF-10 Tulip Love Lipstick 417,57555.jpg
52027,Unisex,Apparel,Topwear,Rain Jacket,Navy Blue,Summer,2012.0,,Just Natural Unisex Navy Blue Rain Jacket,52027.jpg
36562,Men,Apparel,Topwear,Tshirts,White,Summer,2012.0,Casual,Jack & Jones Men Dino White T-shirt,36562.jpg
25949,Women,Accessories,Scarves,Scarves,Brown,Summer,2012.0,Casual,Femella Women Printed Brown Scarf,25949.jpg
44142,Men,Personal Care,Fragrance,Perfume and Body Mist,Green,Spring,2017.0,Casual,dunhill Men Fresh Perfume,44142.jpg
5265,Unisex,Accessories,Bags,Messenger Bag,Black,Winter,2015.0,Casual,Wildcraft Unisex Black & Red Messenger Bag,5265.jpg
14632,Men,Accessories,Mufflers,Mufflers,Green,Fall,2011.0,Casual,United Colors of Benetton Men Solid Green Mufflers,14632.jpg
11172,Men,Apparel,Topwear,Sweaters,Red,Fall,2011.0,Casual,Scullers Men Stripes Red Sweaters,11172.jpg
25347,Men,Apparel,Innerwear,Briefs,White,Summer,2016.0,Casual,Levi's Men White Brief,25347.jpg
39718,Women,Apparel,Topwear,Tops,Beige,Summer,2012.0,Casual,Arrow Woman Beige Top,39718.jpg
41602,Men,Apparel,Topwear,Shirts,Navy Blue,Summer,2012.0,Casual,Basics Men Navy Shirt,41602.jpg
33222,Women,Apparel,Topwear,Tunics,Brown,Summer,2012.0,Casual,Sepia Women Brown Tunic,33222.jpg
24295,Men,Accessories,Socks,Socks,Black,Summer,2016.0,Casual,Quiksilver Men Black Socks,24295.jpg
57767,Women,Personal Care,Skin,Face Moisturisers,White,Spring,2017.0,,Lotus Herbals Whiteglow Yogurt Skin Whitening & Brightening Face Masque 80 g,57767.jpg
36750,Girls,Apparel,Dress,Dresses,Navy Blue,Summer,2012.0,Casual,Little Miss Girls Chatterbox Navy Blue Dress,36750.jpg
37682,Unisex,Accessories,Bags,Backpacks,Black,Summer,2012.0,Casual,American Tourister Unisex Black Backpack,37682.jpg
34007,Girls,Apparel,Topwear,Tops,Pink,Summer,2012.0,Casual,Gini and Jony Girls Pink Top,34007.jpg
50542,Men,Apparel,Innerwear,Briefs,Red,Summer,2016.0,Casual,Chromozome Men Red Briefs,50542.jpg
17285,Men,Apparel,Topwear,Tshirts,Black,Fall,2011.0,Casual,U.S. Polo Assn. Men Solid Black  polo Tshirt,17285.jpg
43969,Women,Personal Care,Fragrance,Perfume and Body Mist,Black,Spring,2017.0,Casual,DKNY Women Delicious Night Perfume,43969.jpg
28458,Women,Apparel,Bottomwear,Capris,Blue,Summer,2012.0,Sports,Urban Yoga Women Blue Capris,28458.jpg
22162,Men,Footwear,Shoes,Casual Shoes,Black,Summer,2011.0,Casual,Timberland Men Black Casual Shoes,22162.jpg
16357,Men,Apparel,Topwear,Shirts,Blue,Fall,2011.0,Formal,Peter England Men Stripes Blue Shirt,16357.jpg
46427,Men,Accessories,Watches,Watches,Black,Winter,2016.0,Casual,Timex Men Black Dial Watch,46427.jpg
7700,Women,Apparel,Topwear,Tops,Pink,Fall,2011.0,Casual,Jealous 21 Women's All Girls Dying Jealousy Pink Top,7700.jpg
27410,Women,Apparel,Loungewear and Nightwear,Lounge Pants,Multi,Summer,2018.0,Casual,Jockey Women Assorted Lounge Pants,27410.jpg
2272,Men,Apparel,Topwear,Tshirts,Blue,Fall,2010.0,Sports,Nike Mens Blue Polo T-shirt,2272.jpg
43155,Women,Accessories,Watches,Watches,Black,Winter,2016.0,Casual,Fastrack Women Black Dial Watch,43155.jpg
42087,Men,Footwear,Shoes,Sports Shoes,White,Summer,2012.0,Sports,ADIDAS Men White Aztek Shoes,42087.jpg
8748,Men,Apparel,Topwear,Shirts,Orange,Fall,2011.0,Casual,Indigo Nation Men Plain Orange Shirts,8748.jpg
55030,Women,Personal Care,Lips,Lipstick,Red,Spring,2017.0,Casual,Lakme Absolute Matte Milan Red Lipstick 48,55030.jpg
17043,Men,Footwear,Shoes,Casual Shoes,Black,Summer,2013.0,Casual,Gas Men Skate 003 Casual Shoe,17043.jpg
50784,Women,Footwear,Shoes,Heels,Cream,Fall,2013.0,Casual,Clarks Women Cream Coloured Onslow Beat Leather Wedges,50784.jpg
2888,Women,Footwear,Shoes,Heels,Brown,Winter,2015.0,Casual,Catwalk Women Wedding Heeled Bronze Heels,2888.jpg
23276,Men,Accessories,Watches,Watches,Black,Winter,2016.0,Casual,Maxima Ssteele Men Black Watch,23276.jpg
6414,Men,Footwear,Flip Flops,Flip Flops,Grey,Summer,2011.0,Casual,Lotto Men's Thong Blue White Flip Flop,6414.jpg
18837,Men,Accessories,Belts,Belts,Brown,Summer,2011.0,Formal,Peter England Men Formal Brown Belt,18837.jpg
35313,Women,Accessories,Jewellery,Earrings,Silver,Winter,2016.0,Ethnic,Fabindia Women Anusuya Silver Earrings,35313.jpg
51656,Men,Accessories,Watches,Watches,Black,Winter,2016.0,Casual,Fossil Men Black Dial Chronograph Watch CH2737,51656.jpg
16191,Men,Apparel,Topwear,Tshirts,White,Fall,2011.0,Casual,Puma Men Graphic White TShirt,16191.jpg
30661,Men,Accessories,Eyewear,Sunglasses,Black,Winter,2016.0,Casual,Park Avenue Men Black Sunglasses,30661.jpg
43393,Men,Accessories,Wallets,Wallets,Brown,Summer,2012.0,Casual,Lino Perros Men Brown Wallet,43393.jpg
26704,Men,Footwear,Shoes,Sports Shoes,White,Fall,2011.0,Sports,Nike Men White T-Lite 9 SL Shoes,26704.jpg
12531,Women,Apparel,Topwear,Sweatshirts,Pink,Fall,2011.0,Casual,Puma Women Solid Pink Sweatshirts,12531.jpg
42241,Women,Apparel,Topwear,Tops,Purple,Summer,2012.0,Casual,Sepia Women Purple Top,42241.jpg
56473,Women,Personal Care,Nails,Nail Polish,Purple,Spring,2017.0,Casual,Streetwear Grape Shimmer Nail Polish 41,56473.jpg
25181,Women,Accessories,Bags,Handbags,Brown,Winter,2015.0,Casual,Lino Perros Women Leatherite Brown Handbag,25181.jpg
24053,Men,Apparel,Topwear,Tshirts,Charcoal,Fall,2011.0,Casual,Locomotive Men Printed Charcoal T-shirt,24053.jpg
10266,Men,Footwear,Shoes,Casual Shoes,Brown,Fall,2011.0,Casual,Clarks Men Goto Hi Cola Suede Brown Shoes,10266.jpg
40516,Men,Accessories,Watches,Watches,White,Winter,2016.0,Casual,Titan Men White Dial Watch,40516.jpg
15714,Men,Footwear,Shoes,Sports Shoes,Black,Fall,2011.0,Sports,Nike Men Free Run+ 2 Black Sports Shoes,15714.jpg
21521,Women,Accessories,Bags,Handbags,Pink,Winter,2015.0,Casual,Kiara Women Rose Pink Handbag,21521.jpg
4343,Men,Footwear,Shoes,Casual Shoes,Red,Summer,2011.0,Casual,Fila Men Leonard Red Shoes,4343.jpg
5291,Men,Footwear,Shoes,Formal Shoes,Black,Summer,2011.0,Formal,Lee Cooper Men Black Semi Formal Shoe,5291.jpg
53101,Women,Accessories,Jewellery,Earrings,Silver,Winter,2016.0,Casual,Fabindia Silver Drop Earrings,53101.jpg
32304,Women,Accessories,Watches,Watches,White,Winter,2016.0,Casual,Q&Q Women White Dial Watch,32304.jpg
57793,Women,Personal Care,Makeup,Compact,Skin,Spring,2017.0,,Lotus Herbals Natural Blend Botanical Compact 550,57793.jpg
10054,Boys,Apparel,Topwear,Tshirts,Blue,Summer,2011.0,Sports,Reebok Kids Kkr Boy's Premium Blue Jerseys,10054.jpg
4171,Men,Footwear,Shoes,Sports Shoes,White,Summer,2011.0,Sports,Reebok Men's Easytone Inspire White Shoe,4171.jpg
45256,Men,Accessories,Watches,Watches,Black,Winter,2016.0,Casual,Casio Edifice Men Analog Watch EF-130D-1A5VDF(ED419),45256.jpg
59609,Women,Apparel,Saree,Sarees,Khaki,Fall,2012.0,Ethnic,FNF Khaki Collection for Wedding Sari,59609.jpg
15526,Women,Footwear,Shoes,Heels,Brown,Fall,2011.0,Casual,Rockport Women Jeanie Oneband Brown Flats,15526.jpg
21713,Men,Accessories,Watches,Watches,Blue,Winter,2016.0,Casual,Fossil Men Blue Dial Chronograph Watch CH2752,21713.jpg
44384,Women,Personal Care,Fragrance,Deodorant,White,Spring,2017.0,Casual,Spinz Women Enchante Deo,44384.jpg
37676,Unisex,Accessories,Bags,Backpacks,Black,Winter,2012.0,Casual,American Tourister Unisex Black Backpack,37676.jpg
6626,Men,Footwear,Shoes,Sports Shoes,Blue,Summer,2011.0,Sports,ADIDAS Men's Canon Dialect Blue Yellow Shoe,6626.jpg
47501,Unisex,Footwear,Shoes,Casual Shoes,Red,Fall,2012.0,Casual,Footfun Kids Unisex Red Shoes,47501.jpg
17271,Men,Apparel,Topwear,Tshirts,Grey,Fall,2011.0,Casual,U.S. Polo Assn. Men Stripes DK.Grey Polo Tshirt,17271.jpg
23044,Women,Apparel,Bottomwear,Leggings,Brown,Fall,2011.0,Casual,Arrow Woman Brown Jeggings,23044.jpg
22196,Men,Footwear,Shoes,Casual Shoes,Black,Fall,2012.0,Casual,Timberland Men Black Casual Shoes,22196.jpg
51464,Women,Apparel,Topwear,Tops,Olive,Summer,2012.0,Casual,Tonga Women Olive Top,51464.jpg
54116,Women,Footwear,Shoes,Heels,Maroon,Winter,2012.0,Casual,Rocia Women Maroon Sandals,54116.jpg
30453,Men,Apparel,Bottomwear,Jeans,White,Summer,2012.0,Casual,Deni Yo Men White Jeans,30453.jpg
2286,Men,Apparel,Topwear,Sweatshirts,Black,Fall,2010.0,Sports,Nike Men Black Sweatshirt,2286.jpg
23878,Women,Footwear,Shoes,Casual Shoes,Green,Summer,2012.0,Casual,Fila Women Sleeker Green Check Casual Shoes,23878.jpg
48549,Women,Accessories,Belts,Belts,Black,Summer,2012.0,Casual,Wrangler Women Black Belt,48549.jpg
42073,Men,Accessories,Wallets,Wallets,Black,Summer,2012.0,Casual,American Tourister Men Black Wallet,42073.jpg
31581,Men,Apparel,Topwear,Tshirts,Blue,Summer,2012.0,Casual,Mark Taylor Men Printed Blue T-shirt,31581.jpg
3354,Men,Apparel,Topwear,Tshirts,White,Summer,2011.0,Casual,Myntra Men's I Give 100 Percent Work White T-shirt,3354.jpg
26536,Men,Footwear,Shoes,Casual Shoes,White,Summer,2012.0,Casual,ID Men White Shoes,26536.jpg
12703,Women,Footwear,Shoes,Sports Shoes,White,Fall,2011.0,Sports,Nike Women Downshifter White Sports Shoes,12703.jpg
24605,Women,Apparel,Apparel Set,Kurta Sets,Pink,Fall,2011.0,Ethnic,Vishudh Women Pink Churidar Kurta with Dupatta,24605.jpg
10430,Men,Apparel,Topwear,Shirts,Blue,Fall,2011.0,Casual,Flying Machine Men Ydc Blue Shirts,10430.jpg
56225,Men,Apparel,Loungewear and Nightwear,Night suits,Black,Summer,2016.0,Casual,SDL by Sweet Dreams Men Black & Grey Pyjama Set,56225.jpg
39388,Men,Apparel,Bottomwear,Jeans,Black,Summer,2012.0,Casual,Peter England Men Black Jeans,39388.jpg
14090,Men,Apparel,Topwear,Tshirts,Blue,Fall,2011.0,Casual,Flying Machine Men Stripes Blue Polo Tshirts,14090.jpg
53757,Women,Footwear,Shoes,Sports Shoes,White,Summer,2012.0,Sports,Puma Women Speeder Wns Ind White Sports Shoes,53757.jpg
37212,Men,Apparel,Topwear,Shirts,Pink,Summer,2012.0,Casual,United Colors of Benetton Men Pink Shirt,37212.jpg
4515,Men,Footwear,Shoes,Sports Shoes,White,Summer,2011.0,Sports,Puma Men's Tarun White Silver Red Shoe,4515.jpg
45632,Men,Apparel,Innerwear,Briefs,Grey Melange,Summer,2016.0,Casual,Park Avenue Men Grey Melange Briefs,45632.jpg
51000,Women,Apparel,Innerwear,Bra,Maroon,Summer,2018.0,Casual,Enamor Maroon Bra FB06,51000.jpg
7390,Men,Footwear,Shoes,Formal Shoes,Brown,Winter,2018.0,Formal,Red Tape Men Brown Shoes,7390.jpg
35545,Girls,Footwear,Sandal,Sandals,Brown,Summer,2012.0,Casual,Enroute Teens Brown Sandals,35545.jpg
6242,Women,Apparel,Topwear,Tshirts,Purple,Summer,2011.0,Casual,Lee Women's Rihana Purple T-shirt,6242.jpg
47165,Men,Accessories,Belts,Belts,Black,Summer,2012.0,Casual,Peter England Men Black Belt,47165.jpg
17615,Boys,Apparel,Topwear,Tshirts,White,Fall,2011.0,Casual,Doodle Boys living Upto White Tshirt,17615.jpg
48911,Women,Accessories,Jewellery,Pendant,Silver,Summer,2013.0,Casual,Lucera Women Silver Pendant with Chain,48911.jpg
29926,Men,Accessories,Watches,Watches,Black,Winter,2016.0,Casual,Police Men Black Dial Watch PL12778MSU-61,29926.jpg
42417,Unisex,Accessories,Accessories,Messenger Bag,Purple,Summer,2012.0,Casual,American Tourister Unisex Purple Messenger Bag,42417.jpg
3730,Men,Apparel,Topwear,Tshirts,Yellow,Summer,2011.0,Sports,CSK Mens Fangear Yellow Jersey,3730.jpg
26152,Men,Apparel,Bottomwear,Trousers,Grey,Summer,2012.0,Formal,John Miller Men Striped Grey Trousers,26152.jpg
12367,Men,Apparel,Topwear,Shirts,White,Fall,2011.0,Formal,Reid & Taylor Men White Shirt,12367.jpg
54572,Women,Apparel,Topwear,Kurtas,Pink,Summer,2012.0,Ethnic,Sushilas Women Multi Coloured Kurta,54572.jpg
27080,Women,Footwear,Shoes,Heels,Silver,Winter,2015.0,Casual,Catwalk Women Silver Flats,27080.jpg
30037,Men,Accessories,Watches,Watches,Silver,Winter,2016.0,Casual,SKAGEN DENMARK Men Silver-Toned Dial Watch 233LSS,30037.jpg
46285,Women,Apparel,Dress,Dresses,Multi,Summer,2012.0,Casual,109F Women Multi Coloured Dress,46285.jpg
12969,Men,Footwear,Shoes,Sports Shoes,Blue,Fall,2011.0,Sports,ADIDAS Men Snova Glide Blue Sports Shoes,12969.jpg
35777,Men,Footwear,Shoes,Sports Shoes,Black,Summer,2012.0,Sports,Force 10 Men Black & Green Sports Shoes,35777.jpg
51232,Women,Apparel,Topwear,Kurtas,Green,Fall,2012.0,Ethnic,Satya Paul Women Green Printed Kaftan,51232.jpg
17427,Men,Accessories,Watches,Watches,White,Winter,2016.0,Casual,CASIO G-Shock Men White Analogue & Digital Watch G274,17427.jpg
9804,Men,Apparel,Topwear,Shirts,Black,Fall,2011.0,Formal,John Miller Men Black Checks Shirts,9804.jpg
23612,Women,Personal Care,Fragrance,Perfume and Body Mist,Pink,Spring,2017.0,Casual,Nike Fragrances Women Sensual Touch Perfume,23612.jpg
6070,Women,Apparel,Topwear,Tshirts,Blue,Summer,2011.0,Casual,UCB Women's Young Pigment Blue T-shirt,6070.jpg
47357,Women,Accessories,Bags,Mobile Pouch,Purple,Summer,2012.0,Casual,Baggit Women Purple Phulrani Brush Mobile Pouch,47357.jpg
26360,Women,Apparel,Topwear,Tshirts,Grey,Summer,2012.0,Casual,Arrow Woman Grey T-shirt,26360.jpg
12155,Women,Apparel,Bottomwear,Leggings,Beige,Fall,2011.0,Ethnic,Aurelia Women Solid Beige Leggings,12155.jpg
42625,Women,Accessories,Jewellery,Earrings,Silver,Winter,2016.0,Casual,Estelle Women Earrings,42625.jpg
3502,Women,Apparel,Topwear,Tshirts,Black,Fall,2010.0,Sports,ADIDAS Women's Black T-shirt,3502.jpg
30205,Women,Accessories,Bags,Handbags,Pink,Summer,2012.0,Casual,Nike Women Track Tote Pink Handbag,30205.jpg
9038,Men,Footwear,Shoes,Formal Shoes,Brown,Winter,2011.0,Formal,Buckaroo Men Medina Brown Formal Shoes,9038.jpg
54740,Men,Footwear,Shoes,Casual Shoes,Black,Spring,2012.0,Casual,Vans Men Black Era Shoes,54740.jpg
13087,Unisex,Footwear,Shoes,Casual Shoes,Brown,Fall,2011.0,Casual,Timberland Unisex Casual Brown Casual Shoes,13087.jpg
10602,Men,Apparel,Topwear,Tshirts,Red,Fall,2011.0,Sports,Nike Men Football Soccer Red Jerseys,10602.jpg
40172,Men,Accessories,Eyewear,Sunglasses,Black,Winter,2016.0,Casual,Fastrack Men UV protected Sporty Wrap Sunglasses,40172.jpg
33480,Women,Accessories,Belts,Belts,Purple,Spring,2012.0,Casual,Baggit Women Purple Belt,33480.jpg
59863,Women,Personal Care,Skin Care,Eye Cream,Black,Spring,2017.0,Casual,Olay Women Total Effects Anti-Ageing Eye Cream,59863.jpg
32552,Men,Footwear,Shoes,Casual Shoes,Black,Summer,2013.0,Casual,Playboy Men Black Shoes,32552.jpg
21979,Women,Accessories,Bags,Clutches,Black,Winter,2015.0,Casual,Murcia Women Casual Black Clutch,21979.jpg
56017,Women,Personal Care,Lips,Lipstick,Brown,Spring,2017.0,Casual,Colorbar Soft Touch Wood Heart Lipstick 039,56017.jpg
20097,Women,Apparel,Topwear,Kurtas,White,Fall,2011.0,Ethnic,Diva Women Printed White Kurta,20097.jpg
53565,Men,Accessories,Watches,Watches,Black,Winter,2016.0,Casual,Q&Q Men Black Dial Watch,53565.jpg
15370,Women,Apparel,Topwear,Sweatshirts,Pink,Fall,2011.0,Casual,Urban Yoga Women Solid Pink Sweatshirts,15370.jpg
39986,Men,Footwear,Shoes,Casual Shoes,Navy Blue,Summer,2013.0,Casual,Gas Men Mila Navy Blue Shoes,39986.jpg
21145,Women,Apparel,Topwear,Shirts,Black,Fall,2011.0,Casual,s.Oliver Women Printed Black Shirt,21145.jpg
4727,Boys,Apparel,Topwear,Tshirts,Blue,Summer,2011.0,Casual,Disney Kids Boy's Regatta Annual Blue Teen Kidswear,4727.jpg
45400,Women,Footwear,Shoes,Flats,Maroon,Winter,2012.0,Casual,Rocia Women Maroon Sandals,45400.jpg
38434,Women,Accessories,Bags,Handbags,Blue,Summer,2012.0,Casual,Baggit Women Blue Handbag,38434.jpg
53905,Women,Accessories,Bags,Handbags,Beige,Summer,2012.0,Casual,Kiara Women Beige Handbag,53905.jpg
1609,Women,Apparel,Topwear,Sweatshirts,Pink,Fall,2010.0,Sports,Reebok Women Boat-Neck Wildberry Sweatshirt,1609.jpg
57599,Women,Personal Care,Lips,Lipstick,Burgundy,Spring,2017.0,Casual,Lotus Herbals Moistpetals Berry Punch Lipstick 121,57599.jpg
25985,Women,Personal Care,Fragrance,Perfume and Body Mist,Lavender,Spring,2017.0,Casual,J.Del Pozo Halloween Women Perfume,25985.jpg
59403,Women,Apparel,Topwear,Tshirts,White,Fall,2012.0,Casual,Tokyo Talkies Women White T-shirt,59403.jpg
21519,Women,Accessories,Bags,Handbags,White,Winter,2015.0,Casual,Kiara Women Glossy White Handbag,21519.jpg
53139,Women,Footwear,Shoes,Heels,Blue,Winter,2015.0,Casual,Catwalk Women Blue & White Sandals,53139.jpg
29774,Men,Apparel,Topwear,Shirts,Purple,Summer,2012.0,Casual,Wrangler Men Purple Striped Shirt,29774.jpg
3962,Women,Apparel,Topwear,Tops,Black,Summer,2011.0,Casual,Jealous 21 Women Black Shimmery Falling Neck Top,3962.jpg
18033,Women,Accessories,Bags,Handbags,Brown,Winter,2015.0,Casual,Lino Perros Women Solid Brown Handbag,18033.jpg
17847,Men,Footwear,Shoes,Sports Shoes,White,Summer,2012.0,Sports,Nike Men Air Impetus II White Sports Shoe,17847.jpg
9464,Men,Apparel,Topwear,Shirts,White,Fall,2011.0,Formal,John Miller Men  White Shirt,9464.jpg
48743,Men,Accessories,Jewellery,Bangle,Steel,Summer,2012.0,Casual,Revv Men Steel Bangle,48743.jpg
16995,Women,Footwear,Sandal,Sports Sandals,Black,Winter,2012.0,Casual,Rocia Women Casual Black Sandal,16995.jpg
12509,Men,Footwear,Shoes,Casual Shoes,Brown,Winter,2018.0,Casual,Red Tape Men Casual Brown Casual Shoes,12509.jpg
17249,Men,Apparel,Topwear,Tshirts,Blue,Fall,2011.0,Casual,U.S. Polo Assn. Men Printed Limoges Blue Tshirt,17249.jpg
47539,Women,Footwear,Shoes,Flats,White,Winter,2012.0,Casual,Portia Women White Flats,47539.jpg
29546,Men,Apparel,Topwear,Tshirts,Black,Summer,2012.0,Casual,Classic Polo Men Black T-shirt,29546.jpg
42877,Women,Accessories,Wallets,Wallets,Maroon,Summer,2012.0,Casual,French Connection Women Maroon Wallet,42877.jpg
9656,Men,Apparel,Topwear,Shirts,Maroon,Fall,2011.0,Casual,Indigo Nation Men Bling Technification Red Black Shirts,9656.jpg
23840,Men,Footwear,Shoes,Casual Shoes,Brown,Fall,2011.0,Casual,ADIDAS Men Brown Shoes,23840.jpg
43199,Men,Accessories,Watches,Watches,Metallic,Winter,2016.0,Casual,Fastrack Men Gunmetal-Toned Dial Watch NA3015AL01,43199.jpg
18201,Men,Apparel,Topwear,Jackets,Olive,Fall,2011.0,Casual,Nike Men Casual Olive Jacket,18201.jpg
35925,Women,Accessories,Bags,Clutches,Yellow,Summer,2012.0,Casual,Peperone Women Yellow Clutch,35925.jpg
8784,Unisex,Accessories,Eyewear,Sunglasses,Brown,Winter,2016.0,Casual,Fastrack Unisex Brown Sunglasses,8784.jpg
4975,Men,Apparel,Topwear,Tshirts,Red,Summer,2011.0,Casual,Gini and Jony Boy's Kent Pack of 3 Tee Kidswear,4975.jpg
56679,Women,Footwear,Shoes,Heels,Brown,Winter,2012.0,Casual,Portia Women Brown Sandals,56679.jpg
24259,Men,Footwear,Shoes,Casual Shoes,Navy Blue,Fall,2012.0,Casual,Numero Uno Men Navy Blue Shoes,24259.jpg
38606,Men,Apparel,Topwear,Tshirts,White,Summer,2012.0,Casual,Nike Men Printed Boxed White T-shirt,38606.jpg
59631,Women,Apparel,Saree,Sarees,Red,Fall,2012.0,Ethnic,FNF Red & Gold Collection for Wedding Sari,59631.jpg
4149,Women,Footwear,Shoes,Sports Shoes,White,Summer,2011.0,Sports,Nike Women Free White Pink Shoe,4149.jpg
10850,Men,Apparel,Topwear,Tshirts,Blue,Fall,2011.0,Casual,Wrangler Men Famous Filafil Blue T-Shirts,10850.jpg
26956,Women,Apparel,Topwear,Tops,Black,Summer,2012.0,Casual,Jealous 21 Women Black Top,26956.jpg
29122,Unisex,Accessories,Headwear,Caps,Black,Summer,2012.0,Casual,Puma Unisex Cat Logo Black Cap,29122.jpg
51038,Women,Apparel,Innerwear,Briefs,Lavender,Summer,2017.0,Casual,Enamor Women Lupine Coloured Briefs,51038.jpg
30833,Women,Apparel,Topwear,Kurtas,Beige,Summer,2012.0,Ethnic,Fabindia Women Beige Kurta,30833.jpg
48929,Women,Accessories,Jewellery,Ring,Silver,Fall,2012.0,Casual,Lucera Women Silver Ring,48929.jpg
27884,Women,Apparel,Topwear,Shirts,Blue,Summer,2012.0,Formal,Scullers For Her Blue Shirt,27884.jpg
55498,Women,Personal Care,Lips,Lip Gloss,Pink,Spring,2017.0,Casual,Revlon ColorBurst Strawberry Lip Gloss 06,55498.jpg
3708,Men,Apparel,Topwear,Tshirts,Navy Blue,Summer,2011.0,Casual,Classic Polo Men's Navy Grey Stripe T-shirt,3708.jpg
48115,Women,Accessories,Belts,Belts,Black,Summer,2012.0,Casual,Fossil Women Black Midnight  Belt,48115.jpg
18665,Men,Footwear,Shoes,Casual Shoes,White,Summer,2013.0,Casual,Fila Men Syncro White Shoes,18665.jpg
47961,Women,Accessories,Bags,Clutches,Grey,Summer,2012.0,Casual,French Connection Women Grey Clutch,47961.jpg
10408,Women,Apparel,Topwear,Tops,Black,Fall,2011.0,Casual,United Colors of Benetton Women Solid Black Tops,10408.jpg
14894,Women,Accessories,Accessories,Travel Accessory,Black,Summer,2011.0,Casual,United Colors of Benetton Women Solid Black Bags,14894.jpg
15946,Men,Accessories,Ties,Ties,Black,Fall,2011.0,Formal,Turtle Men Solid Black Ties,15946.jpg
1863,Men,Apparel,Topwear,Tshirts,Black,Summer,2011.0,Casual,Inkfruit Men Night Wolf T-shirt,1863.jpg
59255,Men,Accessories,Watches,Watches,Black,Winter,2016.0,Casual,Titan Men Black Watch,59255.jpg
20893,Men,Footwear,Shoes,Casual Shoes,Black,Fall,2011.0,Casual,Basics Men Black Casual Shoes,20893.jpg
58989,Men,Personal Care,Fragrance,Deodorant,White,Spring,2017.0,Casual,Cavallini Men Deo,58989.jpg
38050,Men,Accessories,Watches,Watches,Black,Winter,2016.0,Casual,Q&Q Men Black Digital Watch M119J003Y,38050.jpg
39182,Women,Apparel,Topwear,Kurtas,Magenta,Summer,2012.0,Ethnic,Aneri Women Magenta & Black Kurta,39182.jpg
41098,Women,Apparel,Topwear,Tops,Cream,Summer,2012.0,Casual,Allen Solly Woman Cream Top,41098.jpg
21941,Women,Accessories,Bags,Handbags,Black,Winter,2015.0,Casual,Murcia Women Casual Black Handbag,21941.jpg
56813,Women,Apparel,Topwear,Kurtis,Multi,Summer,2012.0,Ethnic,Aneri Women Multi Coloured Kurti,56813.jpg
59067,Women,Apparel,Innerwear,Bra,Black,Summer,2017.0,Casual,Peri Peri Women Black Bra,59067.jpg
15348,Men,Apparel,Topwear,Tshirts,Black,Fall,2011.0,Casual,Nike Men Special Edition 3 Star Polo Black Tshirts,15348.jpg
12951,Men,Apparel,Topwear,Shirts,Blue,Fall,2011.0,Casual,Basics Men Blue Slim Fit Checked Shirt,12951.jpg
6048,Men,Apparel,Topwear,Shirts,Black,Summer,2011.0,Casual,UCB Men Ben Logo Black Shirt,6048.jpg
13883,Men,Apparel,Topwear,Shirts,Purple,Fall,2011.0,Casual,Scullers Men Check Purple Shirts,13883.jpg
19585,Women,Apparel,Topwear,Tops,Blue,Summer,2011.0,Casual,United Colors of Benetton Women Solid Blue Top,19585.jpg
6874,Women,Apparel,Dress,Dresses,Pink,Summer,2011.0,Casual,Forever New Women Pink Sleeveless Dress,6874.jpg
18457,Men,Personal Care,Fragrance,Perfume and Body Mist,White,Spring,2017.0,Casual,Nautica Blue Men Perfumes,18457.jpg
9000,Men,Footwear,Shoes,Casual Shoes,Brown,Fall,2011.0,Casual,Puma Men Archive Boot WTR Brown Casual Shoes,9000.jpg
48327,Women,Accessories,Bags,Handbags,Green,Summer,2012.0,Casual,Pitaraa Women Green Sling Bag,48327.jpg
35589,Men,Footwear,Sandal,Sandals,Olive,Fall,2012.0,Casual,Gliders Men Yellow Sandals,35589.jpg
31915,Women,Accessories,Bags,Clutches,Green,Summer,2012.0,Casual,Fabindia Women Green Silk Clutch,31915.jpg
28004,Men,Apparel,Innerwear,Trunk,Black,Summer,2016.0,Casual,Jockey ZONE Men Black Modern Trunks US19,28004.jpg
27870,Women,Apparel,Topwear,Shirts,White,Fall,2012.0,Smart Casual,Scullers For Her Women White Striped Shirt,27870.jpg
19743,Women,Accessories,Headwear,Caps,Blue,Fall,2011.0,Casual,United colors of benetton Women Blue Cap,19743.jpg
49033,Women,Accessories,Jewellery,Ring,Silver,Summer,2012.0,Casual,Lucera Women Silver Ring,49033.jpg
8314,Men,Apparel,Topwear,Shirts,Blue,Summer,2011.0,Casual,Locomotive Men Check Lafayette Blue Shirts,8314.jpg
31129,Girls,Apparel,Dress,Dresses,Magenta,Summer,2012.0,Casual,Giny and Jony Girls Printed White & Pink Dress,31129.jpg
43509,Women,Apparel,Dress,Dresses,Grey Melange,Summer,2012.0,Casual,French Connection Women Grey Melange Dress,43509.jpg
18691,Men,Apparel,Innerwear,Trunk,Black,Summer,2016.0,Casual,Hanes Men Black Modern Duo Dry Cotton Stretch Trunks,18691.jpg
47995,Men,Accessories,Watches,Watches,Black,Winter,2016.0,Casual,Helix Men Black Watch,47995.jpg
38296,Men,Accessories,Wallets,Wallets,Brown,Summer,2012.0,Casual,Reid & Taylor Men Brown Wallet,38296.jpg
14860,Women,Accessories,Wallets,Wallets,Charcoal,Summer,2011.0,Casual,United Colors of Benetton Women Solid Grey Charcoal Wallets,14860.jpg
39344,Men,Apparel,Topwear,Tshirts,Green,Fall,2012.0,Casual,Mr. Men Green T-shirt,39344.jpg
1897,Men,Apparel,Topwear,Tshirts,Blue,Winter,2010.0,Sports,FIFA Men Germany Blue Jersey,1897.jpg
52649,Women,Accessories,Bags,Handbags,Orange,Summer,2012.0,Casual,Mod'acc Women Orange Handbag,52649.jpg
57109,Women,Apparel,Topwear,Tunics,Blue,Summer,2012.0,Casual,Elle Women Blue Tunic,57109.jpg
36902,Men,Accessories,Watches,Watches,Silver,Winter,2016.0,Casual,Fossil Men Silver-Toned Dial Chronograph Watch FS4643,36902.jpg
25529,Men,Apparel,Topwear,Shirts,White,Summer,2012.0,Casual,Wrangler Men Griffith White Shirt,25529.jpg
39176,Women,Apparel,Topwear,Kurtas,Purple,Summer,2012.0,Ethnic,Aneri Women Purple Kurta,39176.jpg
40982,Boys,Apparel,Topwear,Tshirts,White,Summer,2012.0,Casual,Gini and Jony Boys Core White T-shirt,40982.jpg
58141,Women,Accessories,Jewellery,Earrings,Silver,Fall,2012.0,Casual,Rreverie Silver Earrings,58141.jpg
57935,Men,Footwear,Sandal,Sandals,Black,Spring,2012.0,Casual,Clarks Men Black Leather Closed Sandals,57935.jpg
59093,Women,Apparel,Innerwear,Bra,White,Summer,2017.0,Casual,Peri Peri Women White Bra,59093.jpg
41850,Men,Accessories,Socks,Socks,Black,Winter,2015.0,Casual,Genesis Men Pack of 3 Socks,41850.jpg
21189,Unisex,Accessories,Bags,Backpacks,Blue,Summer,2012.0,Casual,Quiksilver Unisex Blue Backpack,21189.jpg
16539,Men,Apparel,Topwear,Shirts,White,Fall,2011.0,Casual,Basics Men White Slim Fit Striped Shirt,16539.jpg
46249,Women,Apparel,Topwear,Tunics,Pink,Summer,2012.0,Ethnic,Fusion Beats Women Dark Pink Tunic,46249.jpg
13877,Men,Apparel,Topwear,Shirts,Maroon,Fall,2011.0,Casual,Scullers Men Solid Maroon Shirts,13877.jpg
28236,Women,Personal Care,Fragrance,Deodorant,Pink,Spring,2017.0,Casual,Secret Temptation Women Mystery Deo,28236.jpg
8126,Men,Accessories,Belts,Belts,Brown,Winter,2016.0,Casual,Fastrack Men Non Leather Brown Belts,8126.jpg
19571,Men,Apparel,Topwear,Tshirts,Black,Summer,2011.0,Casual,United Colors of Benetton Men Printed Black TShirt,19571.jpg
12199,Men,Apparel,Topwear,Tshirts,Blue,Summer,2015.0,Casual,Basics Men Blue Polo T-shirt,12199.jpg
7952,Men,Apparel,Topwear,Tshirts,Black,Fall,2011.0,Sports,Puma Men's Knit Polo Black  Polo T-shirt,7952.jpg
6880,Women,Apparel,Topwear,Jackets,Black,Summer,2011.0,Casual,Forever New Women Long Black Jacket,6880.jpg
11378,Men,Apparel,Topwear,Shirts,White,Fall,2011.0,Formal,United Colors of Benetton Men Summer White Shirts,11378.jpg
45894,Men,Free Items,Free Gifts,Free Gifts,Black,Winter,2016.0,Casual,Maxima Men Black Dial Watch,45894.jpg
39512,Unisex,Accessories,Bags,Backpacks,Black,Summer,2012.0,Casual,Peter England Unisex Black Backpack,39512.jpg
52823,Women,Accessories,Jewellery,Earrings,Green,Summer,2012.0,Casual,Adrika Green Earrings,52823.jpg
41408,Women,Apparel,Topwear,Tops,Red,Summer,2012.0,Casual,Wrangler Women Red Stay Gold Tee Top,41408.jpg
33028,Women,Apparel,Topwear,Kurtas,Blue,Summer,2012.0,Ethnic,Mother Earth Women Printed Blue Kurta,33028.jpg
25971,Women,Apparel,Dress,Dresses,Black,Summer,2012.0,Casual,Femella Women Black Dress,25971.jpg
58525,Unisex,Accessories,Accessories,Travel Accessory,Green,Summer,2010.0,Casual,Wildcraft Unisex Green Chalk Bag,58525.jpg
37488,Women,Accessories,Watches,Watches,Silver,Winter,2016.0,Casual,Esprit Women Silver Dial Watch,37488.jpg
2844,Men,Apparel,Topwear,Tshirts,Navy Blue,Summer,2011.0,Casual,Mr.Men Men's Mr.Busy Navy T-shirt,2844.jpg
50748,Men,Footwear,Shoes,Casual Shoes,Brown,Winter,2018.0,Casual,Red Chief Men Brown Shoes,50748.jpg
28652,Men,Footwear,Shoes,Sports Shoes,Black,Summer,2012.0,Sports,Nike Men Tiempo Natural IV Black Sports Shoes,28652.jpg
29780,Men,Apparel,Bottomwear,Trousers,Black,Summer,2013.0,Casual,Basics Men Black Trousers,29780.jpg
22368,Men,Apparel,Topwear,Tshirts,Peach,Fall,2011.0,Casual,Ed Hardy Men Diving Dragon Peach T-Shirt,22368.jpg
3996,Men,Footwear,Flip Flops,Flip Flops,Black,Summer,2011.0,Casual,Spalding Men Black Flip Flops,3996.jpg
19929,Men,Accessories,Accessories,Accessory Gift Set,Blue,Fall,2011.0,Formal,Reid & Taylor Men Formal Blue Tie+Cufflink+Pocket square - Combo Pack,19929.jpg
2078,Women,Apparel,Topwear,Tshirts,Black,Fall,2010.0,Sports,ADIDAS Women Fitted Black T-shirt,2078.jpg
9490,Unisex,Accessories,Bags,Backpacks,Black,Fall,2011.0,Casual,Puma Unisex Deck Black Backpacks,9490.jpg
49665,Men,Accessories,Eyewear,Sunglasses,Black,Winter,2016.0,Casual,United Colors of Benetton Men Sunglass,49665.jpg
8542,Women,Footwear,Flip Flops,Flip Flops,Black,Fall,2011.0,Casual,Crocs Women Abf Single Flip Slippers,8542.jpg
16961,Men,Accessories,Eyewear,Sunglasses,Black,Winter,2016.0,Casual,Image Men Sunglasses,16961.jpg
19115,Men,Apparel,Topwear,Tshirts,White,Summer,2016.0,Casual,Campbell Men Pack of 3 Solid Tshirts,19115.jpg
28460,Women,Apparel,Bottomwear,Shorts,Pink,Summer,2012.0,Sports,Urban Yoga Women Pink Shorts,28460.jpg
23088,Men,Apparel,Bottomwear,Trousers,Grey,Fall,2011.0,Casual,Arrow Sport Men Dk.Grey Brown Trousers,23088.jpg
43951,Women,Footwear,Shoes,Heels,Bronze,Winter,2012.0,Casual,Catwalk Women Bronze Heels,43951.jpg
55834,Women,Personal Care,Beauty Accessories,Beauty Accessory,Skin,Spring,2017.0,Casual,Colorbar Miss Reflective Body Shimmer 001,55834.jpg
42883,Women,Accessories,Bags,Handbags,Black,Summer,2012.0,Casual,French Connection Women Black Sling Bag,42883.jpg
48585,Women,Accessories,Jewellery,Bracelet,Silver,Summer,2013.0,Casual,Lucera Women Silver Bracelet,48585.jpg
34803,Men,Accessories,Belts,Belts,Green,Summer,2012.0,Casual,Flying Machine Men Woven Green Belt,34803.jpg
27428,Women,Apparel,Topwear,Tshirts,Black,Fall,2015.0,Casual,Jockey Women Black V-neck T-Shirt,27428.jpg
55008,Women,Personal Care,Lips,Lip Gloss,Maroon,Spring,2017.0,,Lakme Sheer Satin Lip Gloss 41,55008.jpg
19327,Men,Apparel,Topwear,Sweatshirts,Navy Blue,Fall,2011.0,Casual,Myntra Men Solid Blue Sweatshirt,19327.jpg
3398,Women,Accessories,Bags,Handbags,Black,Winter,2015.0,Casual,Murcia Women Black Handbag,3398.jpg
39720,Women,Apparel,Dress,Jumpsuit,Olive,Summer,2012.0,Casual,Arrow Woman Olive Jumpsuit,39720.jpg
10098,Men,Accessories,Watches,Watches,White,Winter,2016.0,Casual,Fastrack Men Analogue Plastic White Watch,10098.jpg
5853,Women,Accessories,Bags,Handbags,Blue,Summer,2011.0,Casual,ADIDAS Women Blue Handbag,5853.jpg
11976,Men,Footwear,Shoes,Casual Shoes,Black,Summer,2013.0,Casual,Fila Men Paramount Plus Black Shoes,11976.jpg
36768,Men,Accessories,Watches,Watches,Gold,Winter,2016.0,Formal,Maxima Men Gold Dial Watch,36768.jpg
44348,Men,Apparel,Topwear,Shirts,Brown,Summer,2012.0,Casual,Indian Terrain Men Brown Check Shirt,44348.jpg
14438,Women,Footwear,Shoes,Heels,Yellow,Summer,2012.0,Casual,Enroute Women Casual Yellow Heels,14438.jpg
46282,Women,Apparel,Topwear,Tunics,Yellow,Summer,2012.0,Casual,109F Women Yellow Tunic,46282.jpg
47350,Women,Accessories,Bags,Handbags,Green,Summer,2012.0,Casual,Baggit Women Green Bag,47350.jpg
23615,Women,Personal Care,Fragrance,Perfume and Body Mist,Red,Spring,2017.0,Casual,Nike Fragrances Women Basic Perfume,23615.jpg
17420,Men,Accessories,Watches,Watches,Black,Winter,2016.0,Casual,Casio Enticer Men Black Dial Analogue Watch A479,17420.jpg
9803,Women,Apparel,Topwear,Tunics,Navy Blue,Fall,2011.0,Casual,Scullers For Her Women Scullers Top Navy Blue Tops,9803.jpg
3505,Women,Footwear,Shoes,Casual Shoes,White,Fall,2010.0,Casual,ADIDAS Women Adi Light White Fresh Shoe,3505.jpg
42622,Women,Accessories,Jewellery,Earrings,Gold,Winter,2016.0,Casual,Estelle Women Earrings,42622.jpg
12152,Women,Apparel,Topwear,Kurtis,Purple,Fall,2011.0,Ethnic,Aurelia Women Printed Purple Kurti,12152.jpg
26367,Women,Apparel,Topwear,Shirts,Lavender,Summer,2012.0,,Arrow Woman Lavender Shirt,26367.jpg
18468,Women,Personal Care,Fragrance,Perfume and Body Mist,White,Spring,2017.0,Casual,Reebok Reelive Women Perfumes,18468.jpg
13080,Men,Footwear,Shoes,Casual Shoes,Black,Summer,2013.0,Casual,Numero Uno Men Black Casual Shoes,13080.jpg
48318,Women,Accessories,Jewellery,Bracelet,Silver,Winter,2012.0,Casual,Pitaraa Silver Omelette Thin Bracelet,48318.jpg
30202,Unisex,Accessories,Bags,Backpacks,Navy Blue,Summer,2012.0,Casual,Nike Unisex Classic Turf Navy Blue Backpack,30202.jpg
33487,Men,Apparel,Topwear,Shirts,Red,Summer,2012.0,Casual,Doodle Kids Boy Check Red Shirt,33487.jpg
40175,Men,Accessories,Eyewear,Sunglasses,Grey,Winter,2016.0,Casual,Fastrack Men Revo Coated Sporty Wrap Sunglasses,40175.jpg
10605,Women,Accessories,Watches,Watches,Pink,Winter,2016.0,Casual,Esprit Women Houston Funny Pink Watches,10605.jpg
56010,Women,Personal Care,Lips,Lipstick,Red,Summer,2019.0,Casual,Colorbar Velvet Matte Hot Hot Hot Red Lipstick 01R,56010.jpg
32555,Men,Footwear,Shoes,Casual Shoes,White,Summer,2013.0,Casual,Playboy Men White Shoes,32555.jpg
53562,Unisex,Accessories,Watches,Watches,Blue,Winter,2016.0,Casual,Q&Q Unisex Blue Dial Watch,53562.jpg
40949,Boys,Apparel,Topwear,Tshirts,White,Summer,2012.0,Casual,Gini and Jony Boys Around the World White T-shirt,40949.jpg
45407,Women,Footwear,Shoes,Flats,Brown,Summer,2012.0,Casual,Rocia Women Brown Sandals,45407.jpg
4720,Girls,Apparel,Topwear,Tshirts,Yellow,Summer,2011.0,Casual,Disney Kids Girl's Fun In The Fair Yellow Teen Kidswear,4720.jpg
21142,Women,Apparel,Topwear,Tops,Grey,Fall,2011.0,Casual,s.Oliver Women Grey Top,21142.jpg
39981,Men,Footwear,Shoes,Casual Shoes,Grey,Summer,2013.0,Casual,Gas Men Jack Grey Shoes,39981.jpg
59058,Women,Apparel,Topwear,Kurtis,Black,Summer,2010.0,Ethnic,Global Desi Women Black Kurti,59058.jpg
15377,Men,Footwear,Shoes,Casual Shoes,Navy Blue,Summer,2012.0,Casual,Fila Men Lobato Navy Blue Casual Shoes,15377.jpg
10437,Men,Apparel,Topwear,Shirts,Green,Fall,2011.0,Casual,Flying Machine Men HS Green Shirts,10437.jpg
24602,Women,Apparel,Topwear,Kurtas,Blue,Fall,2011.0,Ethnic,BIba Women Blue Printed Kurta,24602.jpg
32767,Men,Apparel,Topwear,Shirts,White,Summer,2012.0,Formal,John Miller Men Striped White Shirt,32767.jpg
56222,Men,Apparel,Loungewear and Nightwear,Night suits,Blue,Summer,2016.0,Casual,SDL by Sweet Dreams Men Blue & Grey Pyjama Set,56222.jpg
37215,Men,Apparel,Topwear,Shirts,Grey,Summer,2012.0,Casual,United Colors of Benetton Men Grey Shirt,37215.jpg
14097,Men,Apparel,Topwear,Tshirts,Blue,Fall,2011.0,Casual,Flying Machine Men Blue Polo Tshirts,14097.jpg
53750,Women,Apparel,Bottomwear,Track Pants,Grey,Summer,2012.0,Casual,ADIDAS Women Dark Grey Track Pant,53750.jpg
52682,Men,Accessories,Watches,Watches,Silver,Winter,2016.0,Casual,Morellato Men Silver Dial Watch,52682.jpg
15145,Men,Apparel,Topwear,Shirts,Navy Blue,Fall,2011.0,Casual,Arrow Sport Men Printed Navy Blue Shirts,15145.jpg
45635,Men,Apparel,Innerwear,Briefs,White,Summer,2016.0,Casual,Park Avenue Men White Briefs FB003,45635.jpg
4512,Women,Footwear,Shoes,Sports Shoes,Grey,Summer,2011.0,Sports,Lotto Women Osaka Grey Violet Shoe,4512.jpg
7397,Men,Footwear,Shoes,Formal Shoes,Black,Winter,2018.0,Formal,Red Tape Men's Black Formal Shoe,7397.jpg
35542,Girls,Footwear,Sandal,Sandals,Pink,Summer,2012.0,Casual,Enroute Kids Girls Pink Sandals,35542.jpg
26969,Women,Apparel,Topwear,Tops,White,Summer,2012.0,Casual,Jealous 21 Women Printed White & Blue Top,26969.jpg
51007,Women,Apparel,Innerwear,Bra,Black,Summer,2017.0,Casual,Enamor Black Full Figure Bra,51007.jpg
48916,Women,Accessories,Jewellery,Pendant,Silver,Summer,2013.0,Casual,Lucera Women Silver Pendant,48916.jpg
17612,Girls,Apparel,Topwear,Tshirts,Grey,Fall,2011.0,Casual,Doodle Cute Girls  Grey Tshirt,17612.jpg
47162,Men,Accessories,Belts,Belts,Brown,Summer,2012.0,Casual,Peter England Men Brown Belt,47162.jpg
6245,Men,Apparel,Topwear,Tshirts,Grey,Summer,2011.0,Casual,UCB Men's Contrast Logo Grey T-shirt,6245.jpg
19788,Men,Apparel,Topwear,Tshirts,Green,Winter,2016.0,Casual,U.S. Polo Assn. Men Solid Green Tshirt,19788.jpg
12360,Men,Apparel,Topwear,Shirts,Black,Fall,2011.0,Formal,Reid & Taylor Men Solid Black Shirts,12360.jpg
26155,Men,Apparel,Bottomwear,Trousers,Grey,Summer,2012.0,Formal,John Miller Men Striped Grey Trousers,26155.jpg
3737,Unisex,Accessories,Headwear,Caps,Purple,Fall,2010.0,Sports,Lotto Unisex Kochi Tuskers Sovenior Purple Orange Cap,3737.jpg
42410,Men,Apparel,Innerwear,Briefs,White,Summer,2016.0,Casual,Basics Men White Hip Brief,42410.jpg
29921,Men,Accessories,Watches,Watches,Black,Winter,2016.0,Casual,Police Men Black Dial Chronograph Watch PL12777JS-02M,29921.jpg
27087,Women,Apparel,Topwear,Kurtas,Black,Summer,2012.0,Ethnic,Aneri Women Egyptian Black Kurta,27087.jpg
54575,Women,Apparel,Topwear,Kurtas,Maroon,Summer,2012.0,Ethnic,Sushilas Women Printed Maroon Kurta,54575.jpg
32303,Men,Accessories,Watches,Watches,Black,Winter,2016.0,Casual,Q&Q Men Black Dial Watch,32303.jpg
56646,Women,Apparel,Topwear,Kurtis,White,Fall,2012.0,Ethnic,Mumbai Slang Women White Kurti,56646.jpg
5898,Men,Footwear,Shoes,Casual Shoes,Blue,Summer,2011.0,Casual,Puma Men Tekkies Jam Blue Shoe,5898.jpg
57794,Women,Personal Care,Skin Care,Face Wash and Cleanser,Maroon,Spring,2017.0,Casual,Lotus Herbals Pomegranate & Plum Energizing Skin Polisher,57794.jpg
10053,Women,Apparel,Topwear,Tshirts,Pink,Summer,2011.0,Casual,Gini And Jony Vini Romper Pink T-Shirts,10053.jpg
24266,Men,Apparel,Topwear,Tshirts,Red,Summer,2012.0,Casual,Quiksilver Men Red T-shirt,24266.jpg
38639,Men,Apparel,Topwear,Tshirts,Blue,Summer,2012.0,Casual,Nike Men Blue Cricket Blue Polo Tshirt,38639.jpg
15521,Men,Footwear,Flip Flops,Flip Flops,Black,Fall,2011.0,Casual,Rockport Men Jelbalp Black Flip Flops,15521.jpg
45251,Men,Accessories,Watches,Watches,Black,Winter,2016.0,Casual,Casio Youth Series Men Digital Watch W-734-1AVDF(D090),45251.jpg
37671,Unisex,Accessories,Bags,Backpacks,Black,Summer,2012.0,Casual,American Tourister Unisex Black Backpack,37671.jpg
44383,Women,Personal Care,Fragrance,Deodorant,Pink,Spring,2017.0,Casual,Spinz Women Exotic Deo,44383.jpg
23043,Women,Apparel,Bottomwear,Leggings,Blue,Fall,2011.0,Casual,Arrow Woman Blue Jeggings,23043.jpg
17276,Men,Apparel,Topwear,Tshirts,Mustard,Fall,2011.0,Casual,U.S. Polo Assn. Men Printed Mustard Tshirt,17276.jpg
47506,Men,Apparel,Innerwear,Innerwear Vests,Blue,Summer,2016.0,Casual,Facit Men Blue Innerwear Vest,47506.jpg
6621,Men,Footwear,Shoes,Sports Shoes,Black,Summer,2011.0,Sports,ADIDAS Men's Boris Black Shoe,6621.jpg
51463,Women,Apparel,Topwear,Tops,Black,Summer,2012.0,Casual,Tonga Women Black Top,51463.jpg
42848,Women,Accessories,Wallets,Wallets,Brown,Summer,2012.0,Casual,French Connection Women Brown Wallet,42848.jpg
22191,Men,Footwear,Shoes,Casual Shoes,Brown,Fall,2012.0,Casual,Timberland Men Light Brown Casual Shoes,22191.jpg
9669,Men,Apparel,Topwear,Shirts,Blue,Fall,2011.0,Casual,Indigo Nation Men Checks Blue Shirts,9669.jpg
54111,Women,Footwear,Shoes,Heels,Copper,Winter,2012.0,Casual,Rocia Women Copper Flats,54111.jpg
12704,Men,Footwear,Shoes,Sports Shoes,Grey,Fall,2011.0,Sports,Nike Men Air Relentness Grey Sports Shoes,12704.jpg
26531,Men,Footwear,Shoes,Casual Shoes,Olive,Summer,2013.0,Casual,Gas Men Arunta Olive Casual Shoes,26531.jpg
31586,Men,Apparel,Topwear,Tshirts,Yellow,Summer,2012.0,Casual,Mark Taylor Men Printed Yellow T-shirt,31586.jpg
3353,Men,Apparel,Topwear,Tshirts,Blue,Summer,2011.0,Casual,Myntra Men's I am a nice guy Navy Blue T-shirt,3353.jpg
42074,Men,Accessories,Wallets,Wallets,Black,Summer,2012.0,Casual,American Tourister Men Black Coin Passcase Wallet,42074.jpg
47734,Women,Accessories,Bags,Handbags,Grey,Fall,2012.0,Casual,Murcia Women Grey Handbag,47734.jpg
6413,Unisex,Footwear,Shoes,Casual Shoes,Pink,Summer,2011.0,Casual,Lotto Unisex Canvas Pink Shoe,6413.jpg
18830,Men,Accessories,Belts,Belts,Black,Summer,2011.0,Formal,Peter England Men Formal Black Belt,18830.jpg
28699,Women,Apparel,Topwear,Kurtas,Pink,Summer,2012.0,Ethnic,W Women Printed  Light Pink Kurta,28699.jpg
23271,Men,Accessories,Watches,Watches,White,Winter,2016.0,Casual,Maxima Ssteele Men White Watch,23271.jpg
17044,Men,Footwear,Sandal,Sandals,Brown,Summer,2013.0,Casual,Gas Men Aventura Sandal,17044.jpg
50783,Women,Footwear,Shoes,Heels,Black,Winter,2015.0,Casual,Clarks Women Black Onslow Beat Leather Wedges,50783.jpg
51651,Men,Accessories,Watches,Watches,Grey,Winter,2016.0,Casual,Fossil Men Grey Dial Chronograph Watch FS4584,51651.jpg
16196,Men,Apparel,Topwear,Jackets,Red,Fall,2011.0,Sports,Puma Men Heroes Red Jackets,16196.jpg
35314,Women,Accessories,Jewellery,Earrings,Silver,Winter,2016.0,Ethnic,Fabindia Women Anusuya Silver Earrings,35314.jpg
43394,Men,Accessories,Wallets,Wallets,Brown,Summer,2012.0,Casual,Lino Perros Men Brown Wallet,43394.jpg
17878,Men,Apparel,Innerwear,Innerwear Vests,Maroon,Summer,2016.0,Casual,Levis Men Comfort Style Maroon Innerwear Vest,17878.jpg
30666,Men,Accessories,Eyewear,Sunglasses,Black,Winter,2016.0,Casual,Park Avenue Men Black Sunglasses,30666.jpg
3161,Men,Footwear,Shoes,Sports Shoes,White,Summer,2011.0,Sports,Nike Men's Air Citius MSL White Grey Shoe,3161.jpg
8589,Men,Apparel,Topwear,Shirts,Blue,Fall,2011.0,Casual,Scullers Men Scul Blue Shirts,8589.jpg
12536,Women,Apparel,Topwear,Sweatshirts,Black,Fall,2011.0,Casual,Puma Women Solid Black Sweatshirts,12536.jpg
26703,Men,Footwear,Shoes,Sports Shoes,White,Fall,2011.0,Sports,Nike Men White Court Shuttle Shoes,26703.jpg
25186,Women,Accessories,Bags,Handbags,Brown,Winter,2015.0,Casual,Lino Perros Women Leatherette Brown Handbag,25186.jpg
56474,Women,Personal Care,Nails,Nail Polish,Red,Spring,2017.0,,Streetwear Fiery Femme Nail Polish # 18,56474.jpg
1636,Men,Footwear,Shoes,Sports Shoes,White,Fall,2010.0,Sports,Nike Men Air Zoom Century Shoes,1636.jpg
40511,Men,Accessories,Watches,Watches,White,Winter,2016.0,Casual,Titan Men White Dial Watch,40511.jpg
10261,Men,Apparel,Bottomwear,Trousers,Brown,Fall,2011.0,Formal,John Miller Men Slim Brown Trousers,10261.jpg
24054,Men,Apparel,Topwear,Tshirts,Blue,Fall,2011.0,Casual,Locomotive Men Printed Blue T-shirt,24054.jpg
4344,Men,Footwear,Shoes,Sports Shoes,White,Summer,2011.0,Sports,Fila Men's Abascuss White Blue Shoe,4344.jpg
21526,Women,Accessories,Bags,Handbags,Red,Winter,2015.0,Casual,Kiara Women Glossy Red Handbag,21526.jpg
15713,Men,Footwear,Shoes,Sports Shoes,Black,Fall,2011.0,Sports,Nike Men Air Relentless Black Sports Shoes,15713.jpg
53106,Women,Accessories,Jewellery,Earrings,Silver,Winter,2016.0,Casual,Fabindia Silver Earrings,53106.jpg
5296,Men,Footwear,Sandal,Sandals,Black,Summer,2011.0,Casual,Puma Men Black Floater,5296.jpg
24868,Men,Accessories,Wallets,Wallets,Black,Summer,2012.0,Casual,Reid & Taylor Men Casual Black Wallet,24868.jpg
41605,Men,Apparel,Topwear,Shirts,Grey,Fall,2012.0,Casual,Basics Men Grey Shirt,41605.jpg
25340,Men,Apparel,Innerwear,Trunk,Beige,Summer,2016.0,Casual,Levis Men Beige Boxer Trunks,25340.jpg
11175,Men,Apparel,Topwear,Sweaters,White,Fall,2011.0,Casual,Scullers Men Stripes White Sweaters,11175.jpg
57760,Women,Personal Care,Skin Care,Face Wash and Cleanser,White,Spring,2017.0,,Lotus Herbals Tea Tree Face Wash,57760.jpg
24292,Men,Accessories,Socks,Socks,Black,Summer,2016.0,Casual,Quiksilver Men High Black Socks,24292.jpg
33225,Women,Apparel,Dress,Dresses,Pink,Summer,2012.0,Casual,Sepia Women Pink Dress,33225.jpg
11949,Men,Footwear,Shoes,Casual Shoes,Brown,Fall,2012.0,Casual,Ganuchi Men Casual Brown Casual Shoes,11949.jpg
36757,Women,Accessories,Watches,Watches,Black,Winter,2016.0,Casual,Maxima Women Black Watch,36757.jpg
37685,Unisex,Accessories,Bags,Backpacks,Black,Summer,2012.0,Casual,American Tourister Unisex Black Backpack,37685.jpg
5050,Men,Footwear,Shoes,Casual Shoes,Black,Summer,2011.0,Casual,Fila Men's Passion Black red Canvas Shoe,5050.jpg
44377,Men,Personal Care,Fragrance,Deodorant,Grey,Spring,2017.0,Casual,Jovan Men White Musk Deo,44377.jpg
58728,Women,Apparel,Topwear,Tshirts,Pink,Summer,2012.0,Casual,Puma Women Pink T-shirt,58728.jpg
50545,Men,Apparel,Innerwear,Briefs,Black,Summer,2016.0,Casual,Chromozome Men Pack of Two Briefs,50545.jpg
17282,Men,Apparel,Topwear,Tshirts,Black,Fall,2011.0,Casual,U.S. Polo Assn. Men Printed Black Tshirt,17282.jpg
34000,Women,Apparel,Topwear,Tops,Black,Summer,2012.0,Casual,Femella Women Black Top,34000.jpg
7707,Women,Apparel,Bottomwear,Jeans,Black,Fall,2011.0,Casual,Jealous 21 Women's Abbie Black Jegging,7707.jpg
46420,Men,Accessories,Watches,Watches,Cream,Winter,2016.0,Casual,Timex Men Cream Dial Chronograph Watch,46420.jpg
16350,Men,Apparel,Topwear,Shirts,Cream,Fall,2011.0,Formal,Peter England Men Stripes Cream Shirt,16350.jpg
51497,Women,Apparel,Bottomwear,Jeans,Navy Blue,Summer,2012.0,Casual,Denizen Women Navy Blue Jeans,51497.jpg
22165,Men,Footwear,Shoes,Casual Shoes,Brown,Fall,2012.0,Casual,Timberland Men Brown Casual Shoes,22165.jpg
43152,Men,Accessories,Watches,Watches,Black,Winter,2016.0,Casual,Fastrack Men Black Watch,43152.jpg
2275,Men,Apparel,Topwear,Tshirts,White,Fall,2010.0,Sports,Nike Mens Challenger Graphic White T-shirt,2275.jpg
27417,Women,Apparel,Bottomwear,Capris,Blue,Winter,2015.0,Casual,Jockey Women Blue Relaxed Capris,27417.jpg
55037,Women,Personal Care,Lips,Lipstick,Brown,Spring,2017.0,Casual,Lakme Absolute Matte Bitter Chocolate Lipstick 53,55037.jpg
19318,Unisex,Accessories,Bags,Backpacks,Blue,Fall,2011.0,Casual,Nike Unisex Classic Base Blue Backpack,19318.jpg
49468,Men,Footwear,Shoes,Casual Shoes,Red,Summer,2012.0,Casual,Vans Men Red Old Skool Shoes,49468.jpg
42080,Men,Accessories,Wallets,Wallets,Black,Summer,2012.0,Casual,American Tourister Men Black Travel Wallet,42080.jpg
22959,Men,Footwear,Shoes,Sports Shoes,White,Summer,2012.0,Sports,Reebok Men White Fusion Sports Shoes,22959.jpg
34232,Men,Apparel,Topwear,Tshirts,Grey,Summer,2013.0,Casual,Proline Men Grey T-shirt,34232.jpg
23285,Men,Accessories,Watches,Watches,White,Winter,2016.0,Casual,Maxima Men White Watch,23285.jpg
50777,Men,Footwear,Shoes,Formal Shoes,Brown,Summer,2013.0,Formal,Clarks Men Dino Limit Brown Formal Shoes,50777.jpg
16162,Men,Footwear,Sandal,Sandals,Black,Fall,2011.0,Casual,Enroute Men Leather Black Sandals,16162.jpg
22357,Men,Apparel,Topwear,Shirts,Black,Fall,2011.0,Casual,John Players Men Solid Black Shirt,22357.jpg
19916,Unisex,Accessories,Bags,Backpacks,Black,Winter,2015.0,Casual,Wildcraft Unisex Black & Grey Printed Laptop Backpack,19916.jpg
7535,Men,Apparel,Topwear,Tshirts,Blue,Summer,2011.0,Sports,Nike Men's Blue Polo T-shirt,7535.jpg
46612,Women,Footwear,Shoes,Heels,Brown,Winter,2012.0,Casual,Catwalk Women Brown Wedges,46612.jpg
27625,Men,Apparel,Bottomwear,Shorts,Grey,Summer,2012.0,Casual,Scullers Men Grey Shorts,27625.jpg
13410,Men,Apparel,Topwear,Shirts,Blue,Summer,2011.0,Casual,United Colors of Benetton Men Solid Blue Shirts,13410.jpg
48788,Women,Accessories,Jewellery,Pendant,Silver,Summer,2015.0,Casual,Lucera Women Silver Pendant,48788.jpg
43360,Men,Footwear,Shoes,Sports Shoes,White,Summer,2012.0,Sports,Reebok Men White Ultimate Vibe Sports Shoes,43360.jpg
2047,Men,Apparel,Topwear,Tshirts,Navy Blue,Fall,2010.0,Sports,ADIDAS Men's Navy Blue T-shirt,2047.jpg
30692,Women,Footwear,Shoes,Heels,Brown,Winter,2015.0,Casual,Catwalk Women Brown Heels,30692.jpg
55205,Women,Personal Care,Lips,Lipstick,Brown,Spring,2017.0,Casual,Lakme Lip Love Dark Desire Lipstick B122A,55205.jpg
25172,Women,Accessories,Bags,Handbags,Brown,Winter,2015.0,Casual,Lino Perros Women Leatherite Brown Handbag,25172.jpg
56480,Women,Personal Care,Nails,Nail Polish,Brown,Spring,2017.0,Casual,Streetwear Chocolat Nail Polish 20,56480.jpg
11347,Men,Apparel,Bottomwear,Jeans,Blue,Summer,2017.0,Casual,Lee Men Elvira Rinse Blue Chicago Fit Jeans,11347.jpg
41437,Men,Footwear,Shoes,Sports Shoes,White,Fall,2012.0,Sports,Lee Cooper Men White Sports Shoes,41437.jpg
33017,Women,Apparel,Topwear,Kurtas,Green,Summer,2012.0,Ethnic,Mother Earth Women Striped Green Kurta,33017.jpg
10295,Men,Footwear,Shoes,Casual Shoes,Brown,Summer,2016.0,Casual,Clarks Men Brown Leather Casual Shoes,10295.jpg
57552,Women,Personal Care,Lips,Lipstick,Copper,Spring,2017.0,Casual,Lotus Herbals Floralstay Copper Toast Lip Color 424,57552.jpg
44979,Men,Accessories,Watches,Watches,Silver,Winter,2016.0,Casual,Maxima Attivo Men Steel-Toned Dial Watch 15933LMGB,44979.jpg
45097,Women,Apparel,Innerwear,Bra,Pink,Winter,2015.0,Casual,Bwitch Pink Ruby Bra,45097.jpg
36565,Women,Personal Care,Fragrance,Deodorant,Red,Spring,2017.0,Casual,United Colors of Benetton Women Deo,36565.jpg
14635,Men,Accessories,Mufflers,Mufflers,Black,Summer,2011.0,Casual,United Colors of Benetton Men Solid Black Mufflers,14635.jpg
5262,Unisex,Accessories,Bags,Backpacks,Blue,Winter,2015.0,Casual,Wildcraft Unisex Blue & Grey Printed Backpack,5262.jpg
8925,Men,Accessories,Belts,Belts,Black,Summer,2012.0,Casual,Puma Men High Shine Black Belt,8925.jpg
16506,Men,Apparel,Bottomwear,Jeans,Blue,Fall,2011.0,Casual,Locomotive Men Washed Blue Jeans,16506.jpg
22733,Men,Footwear,Shoes,Casual Shoes,Grey,Fall,2011.0,Casual,Nike Men Dunk High Grey Casual Shoes,22733.jpg
35784,Women,Footwear,Shoes,Flats,Black,Summer,2012.0,Casual,Enroute Women Black Shoes,35784.jpg
7151,Women,Apparel,Topwear,Shirts,Black,Fall,2011.0,Casual,Scullers For Her Women Rivited Check Black Shirts,7151.jpg
46276,Women,Apparel,Topwear,Tops,Cream,Summer,2012.0,Casual,109F Women Cream Printed Top,46276.jpg
13848,Men,Apparel,Topwear,Tshirts,Blue,Fall,2011.0,Casual,United Colors of Benetton Men Solid Blue Polo Tshirts,13848.jpg
6083,Women,Apparel,Topwear,Tshirts,Pink,Summer,2011.0,Casual,UCB Women's Halftone Print Pink T-shirt,6083.jpg
28209,Men,Accessories,Eyewear,Sunglasses,Black,Winter,2016.0,Casual,Ray-Ban Men High Street Black Sunglasses,28209.jpg
50313,Men,Accessories,Ties,Ties,Brown,Summer,2012.0,Formal,Park Avenue Men Brown Tie,50313.jpg
8119,Men,Accessories,Belts,Belts,Grey,Winter,2016.0,Casual,Fastrack Men Canvas Red Stitches Grey Belts,8119.jpg
31324,Women,Apparel,Topwear,Kurtas,Blue,Summer,2012.0,Ethnic,Aurelia Women Printed Blue Kurta,31324.jpg
13074,Men,Footwear,Shoes,Casual Shoes,Brown,Fall,2011.0,Casual,Numero Uno Men Brown Casual Shoes,13074.jpg
43704,Women,Accessories,Jewellery,Jewellery Set,Green,Summer,2012.0,Casual,Royal Diadem Green Earring & Pendant Set,43704.jpg
33473,Women,Accessories,Belts,Belts,Brown,Summer,2012.0,Casual,Baggit Women Choti Jhuti Brown Belt,33473.jpg
58942,Women,Accessories,Watches,Watches,Silver,Winter,2016.0,Casual,Tommy Hilfiger Women Silver-Toned Dial  Watch TH1780453-D,58942.jpg
20858,Women,Accessories,Eyewear,Sunglasses,Olive,Winter,2016.0,Casual,United Colors of Benetton Women Casual Olive Sunglasses,20858.jpg
40181,Men,Accessories,Eyewear,Sunglasses,Grey,Winter,2016.0,Casual,Fastrack Men Revo Coated Sporty Wrap Sunglasses,40181.jpg
57136,Women,Apparel,Bottomwear,Trousers,Black,Summer,2012.0,Casual,Elle Women Black Trousers,57136.jpg
25516,Boys,Apparel,Topwear,Tshirts,Red,Fall,2011.0,Casual,Doodle Kids Boys Airfeild Red T-Shirt,25516.jpg
39149,Women,Apparel,Topwear,Kurtas,Red,Summer,2012.0,Ethnic,Aneri Women Red Kurtas,39149.jpg
59890,Women,Apparel,Topwear,Tunics,Multi,Fall,2012.0,Casual,Femella Women Multi Coloured Tunic,59890.jpg
53596,Men,Free Items,Free Gifts,Free Gifts,Navy Blue,Winter,2016.0,Casual,Q&Q Men Navy Blue Digital Watch,53596.jpg
20064,Women,Accessories,Mufflers,Mufflers,Blue,Fall,2011.0,Casual,United Colors Of Benetton Women Blue Muffler,20064.jpg
5606,Men,Footwear,Sandal,Sandals,Black,Summer,2011.0,Casual,ADIDAS Men Kendall Black Floater,5606.jpg
44521,Men,Footwear,Sandal,Sandals,Black,Summer,2012.0,Casual,Coolers Men Black Sandals,44521.jpg
36101,Men,Accessories,Wallets,Wallets,Brown,Summer,2012.0,Casual,OTLS Men Josh Brown Wallet,36101.jpg
52444,Women,Apparel,Loungewear and Nightwear,Nightdress,Purple,Winter,2015.0,Casual,Red Rose White & Purple Nightdress,52444.jpg
39975,Men,Footwear,Shoes,Casual Shoes,Olive,Winter,2014.0,Casual,Gas Men Olive Swansea Shoes,39975.jpg
57304,Women,Footwear,Shoes,Heels,Brown,Winter,2012.0,Casual,Rocia Women Brown Wedges,57304.jpg
33641,Men,Footwear,Flip Flops,Flip Flops,Black,Summer,2012.0,Casual,Lotto Men Black Koro G Slippers,33641.jpg
41261,Men,Accessories,Wallets,Wallets,Brown,Summer,2012.0,Casual,Arrow Men Brown Wallet,41261.jpg
25724,Men,Accessories,Belts,Belts,Brown,Summer,2012.0,Casual,Wrangler Men Leather Brown Belt,25724.jpg
11511,Women,Footwear,Shoes,Flats,Gold,Winter,2015.0,Casual,Catwalk Women Lifestyle Gold Toned Ballerinas,11511.jpg
5434,Men,Apparel,Topwear,Tshirts,Red,Summer,2011.0,Sports,Nike Men's Kill Man Red T-shirt,5434.jpg
44713,Men,Footwear,Flip Flops,Flip Flops,Black,Summer,2012.0,Casual,Lotto Men Black Flip Flops,44713.jpg
14063,Men,Apparel,Topwear,Tshirts,Blue,Fall,2011.0,Casual,Flying Machine Men Solid Blue Polo Tshirts,14063.jpg
20256,Men,Apparel,Topwear,Tshirts,Green,Fall,2011.0,Casual,Wrangler Men Wing Green T-shirt,20256.jpg
52676,Women,Free Items,Free Gifts,Free Gifts,White,Winter,2016.0,Casual,Morellato Women White Dial Watch,52676.jpg
36333,Men,Accessories,Socks,Socks,White,Summer,2016.0,Casual,Playboy Men White & Red Socks,36333.jpg
7363,Men,Footwear,Shoes,Formal Shoes,Black,Winter,2018.0,Formal,Red Tape Men Black Semi Formal Shoes,7363.jpg
46044,Women,Accessories,Jewellery,Earrings,Gold,Winter,2016.0,Casual,Estelle Gold Earrings,46044.jpg
16734,Men,Footwear,Flip Flops,Flip Flops,Maroon,Fall,2011.0,Casual,Lotto Men Emeriti Maroon Slipper,16734.jpg
22501,Women,Footwear,Shoes,Casual Shoes,Beige,Winter,2015.0,Casual,Catwalk Women Beige Casual Shoes,22501.jpg
49830,Women,Footwear,Flip Flops,Flip Flops,Pink,Winter,2012.0,Casual,iPanema Women Pink Flip Flops,49830.jpg
47196,Men,Footwear,Sandal,Sandals,Brown,Summer,2012.0,Casual,Franco Leone Men Brown Sandals,47196.jpg
34464,Unisex,Accessories,Accessories,Travel Accessory,Red,Summer,2012.0,Casual,ADIDAS Unisex Red Organizer Bag,34464.jpg
12394,Men,Accessories,Socks,Socks,Black,Summer,2016.0,Formal,Reid & Taylor Men Solid Black Socks,12394.jpg
46878,Men,Accessories,Socks,Socks,Black,Summer,2012.0,Casual,Lino Perros Men Pack of 2 Socks,46878.jpg
31116,Boys,Apparel,Bottomwear,Shorts,Grey,Summer,2012.0,Casual,Gini and Jony Boys Grey Shorts,31116.jpg
43536,Women,Apparel,Topwear,Tops,Peach,Summer,2012.0,Casual,French Connection Women Peach Top,43536.jpg
28807,Men,Apparel,Topwear,Shirts,Brown,Summer,2012.0,Casual,Denizen Men Check Brown Shirt,28807.jpg
2611,Women,Footwear,Shoes,Heels,Gold,Winter,2012.0,Casual,Carlton London Women Stylish Gold Flats,2611.jpg
13246,Men,Apparel,Bottomwear,Jeans,Blue,Fall,2011.0,Casual,Palm Tree Kids Boy Washed Blue Jeans,13246.jpg
54581,Women,Apparel,Topwear,Kurtas,Green,Summer,2012.0,Ethnic,Sushilas Women Printed Green Kurta,54581.jpg
3763,Men,Apparel,Topwear,Tshirts,Grey,Summer,2011.0,Casual,Status Quo Men's London Icon Grey T-shirt,3763.jpg
29975,Women,Free Items,Free Gifts,Free Gifts,Black,Winter,2016.0,Casual,Aspen Women Black Dial Watch,29975.jpg
26101,Men,Apparel,Topwear,Shirts,White,Summer,2012.0,Formal,John Miller Men Striped White Shirt,26101.jpg
54521,Men,Footwear,Shoes,Sports Shoes,White,Fall,2012.0,Sports,F Sports Men White Voyager Sports Shoes,54521.jpg
9259,Men,Apparel,Topwear,Shirts,Blue,Fall,2011.0,Formal,Mark Taylor Men Blue Striped Shirt,9259.jpg
30064,Men,Accessories,Watches,Watches,Black,Winter,2016.0,Casual,Ed Hardy Men Grey Dial Watch,30064.jpg
16794,Men,Apparel,Topwear,Shirts,Navy Blue,Fall,2011.0,Casual,Highlander Men Stripes Navy Blue Shirt,16794.jpg
51053,Women,Apparel,Innerwear,Briefs,Green,Summer,2017.0,Casual,Enamor Women Green Bikini Brief,51053.jpg
49890,Girls,Accessories,Watches,Watches,Blue,Winter,2016.0,Casual,Q&Q Kids Girls Blue Analog Watch,49890.jpg
47136,Women,Accessories,Bags,Handbags,Blue,Summer,2015.0,Casual,Be For Bag Women Blue Tote Bag,47136.jpg
6211,Women,Apparel,Topwear,Tshirts,Blue,Summer,2011.0,Casual,UCB Women's Print Boat Blue Top,6211.jpg
48942,Women,Accessories,Jewellery,Ring,Silver,Summer,2013.0,Casual,Lucera Women Silver Ring,48942.jpg
23473,Men,Accessories,Scarves,Scarves,Red,Winter,2015.0,Casual,Lino Perros Men Red Check Scarf,23473.jpg
50181,Women,Personal Care,Makeup,Kajal and Eyeliner,Beige,Spring,2017.0,Casual,Peperone Women Beige Handbag,50181.jpg
17646,Unisex,Footwear,Flip Flops,Flip Flops,Green,Spring,2013.0,Casual,Converse Unisex Green Flip Flops,17646.jpg
30858,Women,Apparel,Topwear,Kurtas,Black,Summer,2012.0,Ethnic,Fabindia Women Striped Black Kurta,30858.jpg
1808,Unisex,Accessories,Water Bottle,Water Bottle,Purple,Fall,2010.0,Sports,Quechua Aluminium Print Water Bottle,1808.jpg
37241,Men,Footwear,Shoes,Casual Shoes,Black,Summer,2012.0,Casual,United Colors of Benetton Men Black Shoes,37241.jpg
5494,Men,Apparel,Topwear,Tshirts,Grey,Summer,2011.0,Casual,Mr.Men Men's Charcoal Polo T-shirt,5494.jpg
45661,Men,Apparel,Innerwear,Innerwear Vests,Grey Melange,Summer,2016.0,Casual,Park Avenue Men Grey Melange Square Neck Vest,45661.jpg
36393,Men,Accessories,Socks,Socks,Blue,Summer,2016.0,Casual,Reid & Taylor Men Blue Socks,36393.jpg
4546,Men,Footwear,Shoes,Sports Shoes,Black,Summer,2011.0,Sports,Nike Men's Air Max Black Shoe,4546.jpg
21324,Men,Accessories,Eyewear,Sunglasses,Brown,Winter,2016.0,Casual,Louis Philippe Men Aviator Sunglasses LP201-C1,21324.jpg
15111,Men,Apparel,Bottomwear,Trousers,Coffee Brown,Fall,2011.0,Formal,Arrow Men Stripes Coffee Brown Trousers,15111.jpg
38209,Women,Accessories,Eyewear,Sunglasses,Silver,Winter,2016.0,Casual,Polaroid Women Sunglasses,38209.jpg
40313,Unisex,Footwear,Sandal,Sandals,White,Winter,2013.0,Casual,Warner Bros Kids White sandals,40313.jpg
10463,Men,Apparel,Topwear,Tshirts,Grey,Fall,2011.0,Casual,Flying Machine Men Grey Polo Tshirts,10463.jpg
24656,Boys,Accessories,Socks,Socks,White,Fall,2011.0,Casual,ADIDAS Originals Boys White Pack of 3 Casual Socks,24656.jpg
25784,Men,Apparel,Topwear,Suspenders,Brown,Summer,2012.0,Formal,Arrow Men Light Brown Suspenders,25784.jpg
56276,Women,Apparel,Innerwear,Bra,Skin,Summer,2017.0,Casual,Biara Women Skin Bra,56276.jpg
37073,Women,Accessories,Bags,Handbags,Purple,Summer,2012.0,Casual,Lino Perros Women Purple Handbag,37073.jpg
44581,Men,Apparel,Bottomwear,Jeans,Navy Blue,Summer,2017.0,Casual,Lee Rinse Navy Blue Slim Fit Jeans,44581.jpg
53536,Women,Apparel,Innerwear,Briefs,Multi,Winter,2015.0,Casual,Amante Women Pack of 3 Assorted Briefs PFCP11,53536.jpg
21116,Women,Apparel,Topwear,Tops,Lavender,Fall,2011.0,Casual,s.Oliver Women Faded Lilac Top,21116.jpg
15323,Men,Apparel,Topwear,Jackets,Grey,Fall,2011.0,Casual,Nike Men Solid Grey Jacket,15323.jpg
56878,Women,Footwear,Shoes,Heels,Silver,Winter,2012.0,Casual,HM Women Silver Heels,56878.jpg
4774,Women,Apparel,Bottomwear,Track Pants,Pink,Summer,2011.0,Sports,ADIDAS Women 3S Pink Track Pants,4774.jpg
57196,Women,Apparel,Topwear,Tunics,Red,Summer,2012.0,Casual,Elle Women Red Tunic,57196.jpg
40121,Unisex,Accessories,Socks,Socks,White,Summer,2012.0,Casual,ADIDAS Unisex Pack of 3 Socks,40121.jpg
32501,Men,Apparel,Topwear,Shirts,Black,Summer,2012.0,Casual,Scullers Men Black Shirt,32501.jpg
56044,Women,Personal Care,Lips,Lipstick,Brown,Spring,2017.0,Casual,Colorbar Full Finish Longwear Kiss Me Lipstick 07,56044.jpg
11783,Men,Apparel,Topwear,Tshirts,Grey,Summer,2011.0,Casual,Lee Men Printed Grey Tshirts,11783.jpg
12106,Women,Apparel,Topwear,Kurtis,White,Fall,2011.0,Ethnic,W Women Printed White Kurtis,12106.jpg
26333,Women,Accessories,Watches,Watches,White,Winter,2016.0,Casual,DKNY Women White Dial Watch NY4934,26333.jpg
3551,Men,Footwear,Shoes,Casual Shoes,Brown,Winter,2015.0,Casual,Skechers Men's Charcoal Lifestyle Shoe,3551.jpg
42676,Women,Apparel,Topwear,Kurtas,Black,Summer,2012.0,Ethnic,Alma Women Black Kurta,42676.jpg
2483,Women,Apparel,Topwear,Tops,Purple,Fall,2011.0,Casual,Puma Women Spagetti Dahlia Purple Top,2483.jpg
30256,Men,Footwear,Shoes,Formal Shoes,Black,Winter,2018.0,Formal,Red Tape Men Black Semi Formal Shoes,30256.jpg
54713,Women,Apparel,Apparel Set,Kurta Sets,Cream,Fall,2012.0,Ethnic,Shree Women Cream-Coloured & Pink Printed Salwar Suit with Dupatta,54713.jpg
51261,Men,Accessories,Belts,Belts,Black,Summer,2013.0,Formal,Park Avenue Men Black & Brown Reversible Belt,51261.jpg
9857,Men,Apparel,Topwear,Tshirts,Green,Fall,2011.0,Casual,Status Quo Men Green Polo Tshirts,9857.jpg
47304,Women,Accessories,Bags,Clutches,Green,Summer,2012.0,Casual,Baggit Women Green purse,47304.jpg
6023,Men,Apparel,Topwear,Tshirts,Green,Summer,2011.0,Casual,UCB Men's Johny Collar With Two Tone Green T-shirt,6023.jpg
21572,Men,Accessories,Socks,Socks,Multi,Winter,2015.0,Casual,Lino Perros Men Pack of Five Striped Socks,21572.jpg
15747,Men,Footwear,Shoes,Sports Shoes,White,Spring,2013.0,Sports,Nike Men Ballista SL White Sports Shoes,15747.jpg
32959,Men,Apparel,Topwear,Tshirts,Purple,Summer,2012.0,Casual,Angry Birds Men Purple T-shirt,32959.jpg
52080,Men,Apparel,Topwear,Tshirts,Navy Blue,Summer,2012.0,Casual,Myntra Men Navy Blue T-shirt,52080.jpg
59468,Women,Accessories,Jewellery,Ring,Silver,Summer,2013.0,Casual,Lucera Silver Ring,59468.jpg
45037,Men,Accessories,Watches,Watches,White,Winter,2016.0,Casual,Maxima Attivo Men White Dial Watch,45037.jpg
4310,Unisex,Apparel,Topwear,Tshirts,Green,Summer,2011.0,Casual,Tantra Kid's Unisex Papa's Joy Green Kidswear,4310.jpg
37417,Women,Accessories,Bags,Handbags,Silver,Summer,2012.0,Casual,Murcia Women Jute Silver Handbag,37417.jpg
53152,Men,Apparel,Topwear,Shirts,Brown,Summer,2012.0,Formal,Mark Taylor Men Brown Shirt,53152.jpg
14695,Men,Apparel,Bottomwear,Trousers,Black,Fall,2011.0,Casual,Basics Men Black Trousers,14695.jpg
32165,Women,Accessories,Socks,Socks,Pink,Summer,2017.0,Casual,Playboy Women Playmate Pink Ankle Socks,32165.jpg
56420,Women,Apparel,Innerwear,Bra,White,Winter,2015.0,Casual,Biara Women White Bra,56420.jpg
10235,Men,Accessories,Watches,Watches,Black,Winter,2016.0,Casual,Carrera Men Hexagaon Dial Black Watches,10235.jpg
1662,Men,Apparel,Topwear,Jackets,Navy Blue,Fall,2012.0,Sports,Nike Men Blue Windrunner Jacket,1662.jpg
40545,Women,Accessories,Watches,Watches,Gold,Winter,2016.0,Casual,Titan Raga Women Gold Watch,40545.jpg
48728,Women,Accessories,Jewellery,Earrings,Silver,Summer,2015.0,Casual,Lucera Women Silver Earrings,48728.jpg
30632,Men,Apparel,Topwear,Tshirts,Yellow,Summer,2012.0,Sports,Nike Men Challenger Spiked Yellowish Green T-shirt,30632.jpg
27685,Women,Accessories,Bags,Handbags,Purple,Winter,2015.0,Casual,Murcia Women Purple Handbag,27685.jpg
18058,Women,Accessories,Wallets,Wallets,Purple,Winter,2015.0,Casual,Lino Perros Women Solid Purple Wallet,18058.jpg
3135,Women,Footwear,Shoes,Heels,Gold,Winter,2015.0,Casual,Catwalk Women Heeded Golden Strap Black Heels,3135.jpg
42212,Women,Apparel,Topwear,Tunics,Pink,Summer,2012.0,Casual,Sepia Women Pink Tunic,42212.jpg
23225,Women,Apparel,Topwear,Kurtas,Pink,Fall,2011.0,Ethnic,Aneri Women Tibett Pink Kurta,23225.jpg
17010,Women,Footwear,Shoes,Heels,Brown,Winter,2012.0,Formal,Rocia Women Brown Heels,17010.jpg
18864,Men,Apparel,Topwear,Sweatshirts,Black,Fall,2011.0,Casual,Puma Men Sports Division Black Sweatshirt,18864.jpg
34292,Women,Apparel,Topwear,Dupatta,Multi,Summer,2012.0,Ethnic,Fabindia Women Multi Coloured Chanderi Dupatta,34292.jpg
6447,Women,Footwear,Flip Flops,Flip Flops,Black,Summer,2011.0,Casual,Lotto Women's Cross Color Black Pink Flip Flop,6447.jpg
7595,Women,Footwear,Shoes,Sports Shoes,Blue,Summer,2011.0,Sports,Nike Women Ten Blue White Shoe,7595.jpg
3909,Women,Apparel,Bottomwear,Capris,Red,Summer,2011.0,Casual,Urban Yoga Women Yoga Red Capri,3909.jpg
51605,Women,Apparel,Bottomwear,Trousers,Black,Fall,2012.0,Casual,Kraus Jeans Women Black Trousers,51605.jpg
13682,Women,Footwear,Shoes,Sports Shoes,Silver,Fall,2011.0,Sports,ADIDAS Women Duramo 3 Sports Shoes,13682.jpg
54145,Women,Footwear,Shoes,Heels,Brown,Spring,2013.0,Casual,Rocia Women Brown Flats,54145.jpg
3307,Men,Footwear,Shoes,Sports Shoes,Black,Spring,2011.0,Sports,Asics Men's Gel Phoenix 3 Black Silver Shoe,3307.jpg
42020,Men,Footwear,Shoes,Casual Shoes,Brown,Summer,2012.0,Casual,ADIDAS Men Brown Mudslide Shoes,42020.jpg
55097,Women,Personal Care,Skin,Face Moisturisers,Gold,Spring,2017.0,Casual,Pond's Gold Radiance Precious Youth Serum,55097.jpg
12750,Unisex,Accessories,Bags,Backpacks,Black,Summer,2012.0,Sports,Nike Unisex Swoosh Black Backpacks,12750.jpg
47552,Women,Footwear,Shoes,Heels,Brown,Winter,2012.0,Casual,Portia Women Brown Heels,47552.jpg
54979,Women,Apparel,Topwear,Shirts,White,Summer,2012.0,Casual,Femella Women White Printed Shirt,54979.jpg
6675,Men,Footwear,Shoes,Sports Shoes,White,Summer,2011.0,Sports,Nike Men's Free White Grey Shoe,6675.jpg
17222,Men,Accessories,Eyewear,Sunglasses,Blue,Winter,2016.0,Casual,United Colors of Benetton Men Funky Eyewear Blue Sunglasses,17222.jpg
51437,Women,Apparel,Topwear,Tops,Peach,Summer,2012.0,Casual,Myntra Women Multi Coloured Printed Top,51437.jpg
35172,Unisex,Accessories,Bags,Backpacks,Red,Summer,2015.0,Casual,Wildcraft Unisex Cruiser Red Backpack,35172.jpg
46480,Women,Accessories,Watches,Watches,Steel,Winter,2016.0,Casual,Timex Women Steel Watch,46480.jpg
45205,Women,Accessories,Watches,Watches,Black,Winter,2016.0,Casual,CASIO ENTICER Women Black Dial Analogue Watch A660,45205.jpg
4122,Unisex,Footwear,Shoes,Casual Shoes,Black,Summer,2011.0,Casual,Puma Unisex Lo Punk Black Yellow Shoe,4122.jpg
21740,Unisex,Footwear,Shoes,Casual Shoes,Brown,Fall,2011.0,Casual,Vans Unisex Authentic Lo Pro Brown Casual Shoes,21740.jpg
15575,Boys,Apparel,Topwear,Tshirts,Yellow,Fall,2011.0,Casual,Chhota Bheem Kids Boys Best Friends Group TShirt,15575.jpg
53360,Women,Accessories,Wallets,Wallets,Pink,Summer,2012.0,Casual,Puma Woman Pink Big Cat Wallet,53360.jpg
37625,Boys,Apparel,Topwear,Tshirts,White,Summer,2012.0,Casual,Madagascar3 Boys White Printed T-Shirt,37625.jpg
56612,Women,Personal Care,Makeup,Highlighter and Blush,Peach,Spring,2017.0,,Streetwear True Color Claret Tint Blusher,56612.jpg
32357,Men,Accessories,Watches,Watches,Black,Winter,2016.0,Casual,Q&Q Men Black Dial Watch,32357.jpg
33285,Men,Apparel,Topwear,Tshirts,Blue,Summer,2012.0,Casual,Arrow Sport Men Striped Blue Polo T-shirt,33285.jpg
40777,Men,Footwear,Flip Flops,Flip Flops,White,Summer,2012.0,Casual,Quiksilver Men White Flip Flops,40777.jpg
10007,Women,Apparel,Topwear,Tshirts,White,Fall,2011.0,Sports,Nike Women As Trophy Swo White T-Shirts,10007.jpg
21586,Men,Apparel,Bottomwear,Jeans,Grey,Summer,2011.0,Casual,Locomotive Men Washed Grey Jeans,21586.jpg
52074,Men,Apparel,Topwear,Tshirts,Yellow,Summer,2012.0,Casual,Myntra Men Yellow & Blue T-shirt,52074.jpg
14661,Men,Apparel,Topwear,Shirts,Navy Blue,Fall,2011.0,Casual,Basics Men Navy Slim Fit Checked Shirt,14661.jpg
20454,Women,Accessories,Belts,Belts,Teal,Winter,2015.0,Casual,Baggit Women Poppins Doko Teal Blue Belt,20454.jpg
32191,Men,Footwear,Shoes,Sports Shoes,Blue,Summer,2012.0,Sports,ADIDAS Men Phantom Blue Sports Shoes,32191.jpg
52848,Women,Accessories,Jewellery,Earrings,Green,Summer,2012.0,Casual,Adrika Women Green Earrings,52848.jpg
39579,Women,Footwear,Shoes,Heels,Multi,Winter,2015.0,Casual,Catwalk Women Multi Colour Flats,39579.jpg
25126,Women,Accessories,Bags,Clutches,Black,Winter,2015.0,Casual,Lino Perros Women Black Clutch,25126.jpg
57506,Men,Footwear,Sandal,Sandals,Brown,Summer,2013.0,Casual,Lee Cooper Men Brown Sandals,57506.jpg
33043,Women,Apparel,Topwear,Kurtas,Blue,Summer,2012.0,Ethnic,Mother Earth Women Printed Blue Kurta,33043.jpg
43334,Women,Accessories,Bags,Handbags,Maroon,Spring,2013.0,Casual,Murcia Women Maroon Handbag,43334.jpg
27671,Women,Accessories,Bags,Handbags,Pink,Winter,2015.0,Casual,Murcia Women Pink Handbag,27671.jpg
54383,Women,Accessories,Wallets,Wallets,Green,Summer,2015.0,Casual,Baggit Women Green Wallet,54383.jpg
13444,Women,Apparel,Topwear,Tops,Yellow,Summer,2011.0,Casual,United Colors of Benetton Women Printed Yellow Tops,13444.jpg
55251,Women,Personal Care,Makeup,Highlighter and Blush,Skin,Spring,2017.0,Casual,Lakme Absolute Moonlit Highlighter Face Brightener 9G,55251.jpg
31714,Women,Accessories,Jewellery,Earrings,Silver,Winter,2016.0,Ethnic,Fabindia Women Anusuya Silver Earrings,31714.jpg
8529,Men,Footwear,Shoes,Sports Shoes,Navy Blue,Summer,2011.0,Sports,Nike Men Nike Lunarfly+  2 Navy Blue Sports Shoes,8529.jpg
28639,Men,Apparel,Topwear,Tshirts,White,Summer,2012.0,Sports,Nike Men White T-shirt,28639.jpg
50723,Girls,Apparel,Dress,Dresses,Blue,Summer,2012.0,Casual,Doodle Girls Blue Printed Dress,50723.jpg
47794,Women,Accessories,Bags,Handbags,Brown,Summer,2012.0,Casual,Murcia Women Brown Handbag,47794.jpg
34266,Women,Apparel,Topwear,Dupatta,Brown,Summer,2012.0,Ethnic,Fabindia Women Brown Silk Dupatta,34266.jpg
18890,Women,Apparel,Topwear,Shirts,Purple,Fall,2011.0,Casual,Arrow Woman Tyra Purple Shirt,18890.jpg
7561,Men,Apparel,Topwear,Tshirts,White,Summer,2011.0,Sports,Nike Men's As Spher White T-shirt,7561.jpg
19942,Unisex,Accessories,Bags,Duffel Bag,Black,Fall,2011.0,Casual,Nike Unisex Casual Black Duffle Bag,19942.jpg
46646,Men,Personal Care,Fragrance,Deodorant,Blue,Spring,2017.0,Casual,Rasasi Men Deserve Deo,46646.jpg
16136,Women,Apparel,Topwear,Tops,Blue,Fall,2011.0,Casual,Tokyo Talkies Women Printed Blue Top,16136.jpg
27443,Women,Apparel,Topwear,Tshirts,Pink,Winter,2015.0,Casual,Jockey Women Pink T-Shirt,27443.jpg
13676,Men,Footwear,Shoes,Sports Shoes,Silver,Fall,2011.0,Sports,ADIDAS Men Titan Sports Shoes,13676.jpg
43106,Men,Personal Care,Fragrance,Deodorant,Yellow,Spring,2017.0,Casual,Reebok Men Reespark Deo,43106.jpg
2221,Unisex,Accessories,Bags,Backpacks,Blue,Summer,2011.0,Sports,ADIDAS Classic Blue White Backpack,2221.jpg
55063,Women,Personal Care,Lips,Lipstick,Brown,Spring,2017.0,,Lakme Enrich Satins Lipstick 421,55063.jpg
26591,Men,Footwear,Flip Flops,Flip Flops,Red,Summer,2012.0,Casual,Puma Men Aqua Cat II Power Red Flip Flops,26591.jpg
6681,Women,Footwear,Shoes,Sports Shoes,White,Summer,2011.0,Sports,Nike Women's Izanami White Blue Shoe,6681.jpg
34054,Boys,Apparel,Bottomwear,Capris,Blue,Summer,2012.0,Casual,Palm Tree Boys Washed Blue 3/4 Length Pants,34054.jpg
22131,Men,Footwear,Shoes,Formal Shoes,Black,Fall,2011.0,Formal,Provogue Men Black Formal Shoes,22131.jpg
7753,Men,Footwear,Shoes,Sports Shoes,Black,Fall,2011.0,Sports,Fila Men's Victory Black Shoe,7753.jpg
35186,Unisex,Accessories,Bags,Backpacks,Grey,Spring,2013.0,Casual,Wildcraft Unisex Grey & Black Backpack,35186.jpg
46474,Men,Accessories,Watches,Watches,Black,Winter,2016.0,Casual,Timex Men Black Dial Watch L506,46474.jpg
36703,Men,Personal Care,Fragrance,Perfume and Body Mist,Black,Spring,2017.0,Casual,Yves Saint Laurent Men Body Kouros Perfume,36703.jpg
15581,Men,Apparel,Topwear,Tshirts,Purple,Fall,2011.0,Casual,Proline Men Purple Polo T-shirt,15581.jpg
14453,Women,Footwear,Shoes,Heels,Black,Summer,2012.0,Casual,Enroute Women Casual Black Flats,14453.jpg
53394,Women,Apparel,Topwear,Kurtas,Blue,Fall,2012.0,Ethnic,Alma Women Blue and Sea Green Printed Kurta,53394.jpg
20666,Men,Apparel,Topwear,Tshirts,Grey,Fall,2011.0,Casual,Classic Polo Men Striped Grey Tshirt,20666.jpg
5004,Women,Apparel,Bottomwear,Skirts,Blue,Summer,2011.0,Casual,Gini and Jony Girl's Delma Blue Kidswear,5004.jpg
25314,Men,Accessories,Watches,Watches,Black,Winter,2016.0,Casual,Casio Youth Series Men Digital Watch AE-1100W-1BVDF(D086),25314.jpg
11121,Women,Accessories,Headwear,Caps,Blue,Fall,2011.0,Casual,Puma Women Minicats Knit Blue Cap,11121.jpg
33271,Girls,Apparel,Bottomwear,Skirts,Red,Summer,2012.0,Casual,Gini and Jony Girls Red Skirt,33271.jpg
40783,Men,Footwear,Flip Flops,Flip Flops,Black,Summer,2012.0,Casual,Quiksilver Men Black Flip Flops,40783.jpg
5838,Men,Apparel,Topwear,Tshirts,White,Summer,2011.0,Casual,ADIDAS Men's Graphic White T-shirt,5838.jpg
57734,Women,Personal Care,Lips,Lip Care,Maroon,Spring,2017.0,,Lotus Herbals Fruity Fusion Lip Balm,57734.jpg
31142,Men,Apparel,Topwear,Shirts,Orange,Summer,2012.0,Formal,John Miller Men Check Orange Shirt,31142.jpg
3797,Men,Footwear,Shoes,Casual Shoes,Black,Spring,2014.0,Casual,Converse Men Black & Red Shoes,3797.jpg
29981,Women,Free Items,Free Gifts,Free Gifts,Blue,Winter,2016.0,Casual,Aspen Women Blue Dial Watch,29981.jpg
19728,Women,Apparel,Topwear,Shirts,Purple,Summer,2011.0,Casual,United Colors of Benetton Women Solid Purple Shirt,19728.jpg
55407,Women,Personal Care,Lips,Lip Gloss,Purple,Spring,2017.0,Casual,Revlon ColorStay Overtime Relentless Raisin Lip Gloss 270,55407.jpg
27027,Women,Apparel,Bottomwear,Shorts,Blue,Summer,2012.0,Casual,Jealous 21 Women Blue Shorts,27027.jpg
13212,Women,Footwear,Shoes,Sports Shoes,Grey,Spring,2012.0,Sports,ASICS Women Gel Spree Running Grey Sports Shoes,13212.jpg
28853,Men,Apparel,Topwear,Tshirts,Purple,Summer,2012.0,Casual,Proline Men Purple T-shirt,28853.jpg
43562,Men,Accessories,Socks,Socks,White,Summer,2012.0,Casual,Puma Men White Pack of 3 Socks,43562.jpg
50949,Women,Apparel,Bottomwear,Jeans,Navy Blue,Summer,2013.0,Casual,Lee Women Navy Blue Roxy Fit Jeans,50949.jpg
30090,Men,Accessories,Watches,Watches,Steel,Winter,2016.0,Casual,Ed Hardy Men Silver Dial Watch,30090.jpg
2645,Women,Accessories,Bags,Handbags,Pink,Winter,2015.0,Casual,Murcia Women Big Canvas Tote Bag,2645.jpg
16760,Women,Accessories,Bags,Handbags,Black,Winter,2015.0,Casual,Spice Art Women Leatherette  Black Handbags,16760.jpg
49864,Unisex,Accessories,Watches,Watches,Purple,Winter,2016.0,Casual,Q&Q Kids Unisex Purple Digital Watch,49864.jpg
22555,Men,Personal Care,Fragrance,Deodorant,Black,Spring,2017.0,Casual,Reebok Men Reespeed Deo,22555.jpg
46010,Women,Apparel,Saree,Sarees,Maroon,Summer,2012.0,Ethnic,Fabindia Maroon Printed Saree,46010.jpg
34430,Women,Apparel,Topwear,Tshirts,Blue,Summer,2012.0,Casual,Myntra Women Face Blue T-shirt,34430.jpg
23487,Men,Accessories,Scarves,Scarves,Grey,Summer,2012.0,Casual,Arrow Men Grey Scarf,23487.jpg
50175,Women,Footwear,Shoes,Flats,Black,Winter,2012.0,Casual,Rocia Women Black & Brown Flats,50175.jpg
58318,Men,Accessories,Socks,Socks,White,Summer,2016.0,Sports,Jockey LCESCBRA Men White Pack of 3 Socks 2004,58318.jpg
14037,Men,Apparel,Topwear,Shirts,Blue,Winter,2016.0,Casual,Flying Machine Men Check Blue Shirts,14037.jpg
20202,Men,Apparel,Topwear,Sweatshirts,Grey,Fall,2011.0,Casual,Wrangler Men Glow Grey Sweatshirt,20202.jpg
5460,Women,Footwear,Shoes,Sports Shoes,Black,Summer,2011.0,Sports,Nike Women's Double Team Lite Black Shoe,5460.jpg
44747,Men,Footwear,Shoes,Casual Shoes,Black,Summer,2012.0,Casual,Globalite Men Black Sparta Shoes,44747.jpg
36367,Men,Accessories,Ties,Ties,Red,Summer,2012.0,Formal,Reid & Taylor Men Red Tie,36367.jpg
52622,Women,Accessories,Bags,Handbags,Purple,Summer,2012.0,Casual,Mod-acc Women Purple Handbag,52622.jpg
57350,Women,Apparel,Innerwear,Bra,Black,Winter,2015.0,Casual,Amante Black T-Shirt Bra BGSB01,57350.jpg
10497,Women,Apparel,Topwear,Tshirts,White,Fall,2011.0,Casual,Flying Machine Women RN HS White Tshirts,10497.jpg
25770,Men,Apparel,Topwear,Suspenders,Black,Summer,2012.0,Formal,Lino Perros Men Black Suspenders,25770.jpg
11545,Women,Apparel,Topwear,Kurtas,Green,Summer,2011.0,Ethnic,W Women Printed Green Kurtas,11545.jpg
56282,Women,Apparel,Innerwear,Bra,Black,Summer,2017.0,Casual,Biara Black Everyday Support Bra,56282.jpg
37087,Women,Accessories,Bags,Mobile Pouch,Brown,Summer,2012.0,Casual,Lino Perros Women Brown Mobile Pouch,37087.jpg
20030,Men,Apparel,Topwear,Shirts,Blue,Fall,2011.0,Casual,United Colors of Benetton Men Solid Blue Shirt,20030.jpg
39921,Unisex,Accessories,Bags,Duffel Bag,Brown,Spring,2011.0,Travel,Tortoise Unisex Brown Leather Duffel Bag,39921.jpg
52410,Women,Apparel,Loungewear and Nightwear,Nightdress,Black,Winter,2015.0,Casual,Red Rose Women Black Nightdress,52410.jpg
4780,Women,Apparel,Topwear,Tshirts,Pink,Summer,2011.0,Sports,ADIDAS Women's Balance Pink T-shirt,4780.jpg
57162,Women,Apparel,Topwear,Tshirts,Teal,Summer,2012.0,Casual,Elle Women Teal T-shirt,57162.jpg
58916,Men,Accessories,Ties,Ties,Black,Summer,2017.0,Casual,Hakashi Men Black Silk Tie,58916.jpg
33427,Women,Accessories,Bags,Handbags,Blue,Summer,2012.0,Casual,Baggit Women Modishx Enzyme Blue Sling Bag,33427.jpg
41007,Girls,Apparel,Bottomwear,Shorts,Navy Blue,Summer,2012.0,Casual,Gini and Jony Girls Woven Navy Blue Shorts,41007.jpg
25542,Women,Apparel,Topwear,Tops,Yellow,Summer,2012.0,Casual,Wrangler Women Striper Tank Yellow Top,25542.jpg
11777,Men,Apparel,Topwear,Tshirts,Red,Fall,2011.0,Casual,Lee Men Printed Red Tshirts,11777.jpg
7939,Men,Apparel,Topwear,Tshirts,Black,Fall,2011.0,Sports,Puma Men's Graphic Optic Black Silver T-shirt,7939.jpg
55635,Women,Footwear,Shoes,Heels,Gold,Winter,2015.0,Casual,Catwalk Women Gold Heels,55635.jpg
42682,Women,Apparel,Topwear,Kurtas,Cream,Summer,2012.0,Ethnic,Alma Women Cream & Blue Kurta,42682.jpg
2477,Men,Footwear,Shoes,Sports Shoes,Blue,Fall,2010.0,Sports,Nike Men's LunarFly Blue Shoe,2477.jpg
27215,Men,Apparel,Bottomwear,Shorts,Blue,Summer,2012.0,Casual,Doodle Kids Boy Striped Blue Shorts,27215.jpg
7105,Unisex,Accessories,Bags,Backpacks,Green,Winter,2015.0,Casual,Wildcraft Unisex Green Backpack,7105.jpg
16552,Men,Apparel,Topwear,Tshirts,Grey,Fall,2011.0,Casual,Basics Men Grey Printed Polo T-shirt,16552.jpg
8971,Men,Footwear,Shoes,Sports Shoes,Black,Fall,2011.0,Sports,Puma Men Drift Cat III CF Black Sports Shoes,8971.jpg
22767,Women,Apparel,Topwear,Kurtas,Green,Fall,2011.0,Ethnic,BIBA Women Solid Green Kurta,22767.jpg
50347,Women,Apparel,Topwear,Kurtas,Red,Summer,2012.0,Ethnic,Aurelia Women Red Kurta,50347.jpg
34602,Men,Apparel,Innerwear,Briefs,Brown,Summer,2016.0,Casual,Hanes Men Brown Boxer Brief,34602.jpg
59665,Women,Apparel,Saree,Sarees,Yellow,Fall,2012.0,Ethnic,FNF Pink & Yellow Printed Evening Wear Sari,59665.jpg
14498,Men,Footwear,Shoes,Casual Shoes,Black,Fall,2011.0,Casual,Flying Machine Men Casual Black Casual Shoes,14498.jpg
10804,Men,Footwear,Flip Flops,Flip Flops,White,Fall,2011.0,Casual,Wrangler Men Rider Solid White Shirts,10804.jpg
4921,Women,Apparel,Topwear,Tshirts,White,Summer,2011.0,Casual,Gini and Jony Girl's Viona Pack of 3 Tee Kidswear,4921.jpg
32368,Men,Accessories,Watches,Watches,Black,Winter,2016.0,Casual,Q&Q Men Black Dial Watch,32368.jpg
39780,Men,Apparel,Topwear,Shirts,Yellow,Summer,2012.0,Casual,Peter England Men Yellow Casual Shirts,39780.jpg
40748,Women,Footwear,Flip Flops,Flip Flops,Pink,Winter,2012.0,Casual,Roxy Women Pink Flip Flops,40748.jpg
38652,Women,Footwear,Shoes,Casual Shoes,Black,Summer,2012.0,Casual,Nike Women Double Team Lite Black Shoes,38652.jpg
18255,Women,Apparel,Topwear,Kurtas,Off White,Summer,2012.0,Ethnic,Aneri Women Multi Coloured Kurta,18255.jpg
27488,Women,Apparel,Innerwear,Briefs,Red,Winter,2015.0,Casual,Jockey Women Red Bikini Briefs,27488.jpg
9602,Men,Apparel,Topwear,Shirts,Black,Fall,2011.0,Casual,Scullers Men Scul White & Red Shirt,9602.jpg
23814,Men,Footwear,Shoes,Casual Shoes,Black,Fall,2011.0,Casual,Puma Men Neo Low Black Casual Shoes,23814.jpg
48525,Women,Apparel,Dress,Dresses,White,Summer,2012.0,Casual,French Connection Women White & Blue  Striped Dress,48525.jpg
3338,Men,Apparel,Topwear,Tshirts,White,Summer,2011.0,Sports,ADIDAS Men's Mumbai Indians White Polo T-shirt,3338.jpg
35971,Men,Apparel,Topwear,Tshirts,Black,Summer,2012.0,Casual,Flying Machine Men Tee Black T-shirt,35971.jpg
19387,Men,Footwear,Shoes,Sports Shoes,Beige,Summer,2011.0,Sports,ADIDAS Men Dumont Beige Sports Shoes,19387.jpg
54946,Men,Apparel,Topwear,Tshirts,Cream,Summer,2012.0,Casual,Do u speak green Men Cream T-shirt,54946.jpg
23028,Men,Apparel,Topwear,Shirts,Blue,Fall,2011.0,Formal,Arrow Men Blue Striped Shirt,23028.jpg
42823,Women,Apparel,Innerwear,Briefs,Grey,Summer,2012.0,Casual,Little Miss Intimates Women Grey Brief,42823.jpg
51408,Men,Apparel,Topwear,Shirts,Blue,Summer,2012.0,Casual,Myntra Men Blue and White Check Shirt,51408.jpg
55894,Women,Personal Care,Nails,Nail Polish,Blue,Spring,2017.0,Casual,Colorbar Blue Lagoon Nail Lacquer 05,55894.jpg
7798,Men,Apparel,Topwear,Tshirts,White,Fall,2011.0,Casual,Proline Men White Polo T-shirt,7798.jpg
9430,Men,Footwear,Shoes,Formal Shoes,Black,Fall,2011.0,Formal,Lee Cooper Men Nnado Black Formal Shoes,9430.jpg
17813,Men,Footwear,Shoes,Casual Shoes,Brown,Fall,2011.0,Casual,Lee Cooper Men  Brown Casual Shoe,17813.jpg
48717,Women,Accessories,Jewellery,Earrings,Silver,Summer,2012.0,Casual,Lucera Women Silver Earrings,48717.jpg
6478,Men,Apparel,Topwear,Jackets,Grey,Summer,2011.0,Casual,ADIDAS Men Top Grey Jacket,6478.jpg
19989,Women,Apparel,Topwear,Tshirts,White,Fall,2011.0,Casual,United Colors of Benetton Women Printed White T-shirt,19989.jpg
3936,Women,Apparel,Topwear,Tshirts,Black,Summer,2011.0,Casual,Jealous 21 Women's Black Miss T-shirt,3936.jpg
15778,Men,Apparel,Innerwear,Briefs,Grey,Summer,2016.0,Casual,Facit Men Mid- Rise BF Grey Briefs,15778.jpg
59457,Women,Accessories,Jewellery,Ring,Silver,Summer,2015.0,Casual,Lucera Silver Ring,59457.jpg
45008,Men,Accessories,Watches,Watches,Steel,Winter,2016.0,Casual,Maxima Men Digital Multifunction Watch,45008.jpg
37428,Women,Accessories,Bags,Handbags,Red,Summer,2012.0,Casual,Murcia Women Red Handbag,37428.jpg
52883,Women,Apparel,Saree,Sarees,Blue,Fall,2012.0,Ethnic,FNF Printed Blue Sari,52883.jpg
45834,Women,Apparel,Topwear,Kurtas,Red,Summer,2012.0,Ethnic,Vishudh Women Red Kurta,45834.jpg
33088,Women,Footwear,Shoes,Heels,Gold,Winter,2015.0,Casual,Catwalk Women Gold Flats,33088.jpg
38460,Women,Accessories,Bags,Mobile Pouch,Green,Summer,2012.0,Casual,Baggit Women Green Pinto Checksy Mobile Pouch,38460.jpg
12139,Women,Apparel,Topwear,Kurtas,Purple,Fall,2011.0,Ethnic,Aurelia Women Solid Purple Kurtas,12139.jpg
42649,Women,Apparel,Topwear,Kurtas,Black,Summer,2012.0,Ethnic,Alma Women Black Kurta,42649.jpg
8186,Men,Apparel,Topwear,Shirts,Grey,Summer,2011.0,Casual,Locomotive Men Check Lai Grey Shirts,8186.jpg
9054,Women,Footwear,Shoes,Sports Shoes,White,Fall,2011.0,Sports,ADIDAS Women Duramo 3 White Sports Shoes,9054.jpg
30269,Men,Accessories,Eyewear,Sunglasses,Brown,Summer,2017.0,Casual,Speedo Men Sheet Sunglasses,30269.jpg
48373,Men,Apparel,Topwear,Shirts,White,Summer,2012.0,Casual,French Connection Men White & Purple Check Shirt,48373.jpg
18403,Men,Footwear,Shoes,Casual Shoes,Black,Fall,2011.0,Casual,Skechers Men Tone-Ups Black Shoe,18403.jpg
6820,Women,Footwear,Flip Flops,Flip Flops,Green,Summer,2011.0,Casual,Timberland Women's Estela Umbrella Green Flip Flop,6820.jpg
12905,Women,Footwear,Shoes,Casual Shoes,Purple,Fall,2011.0,Casual,Puma Women Casual Purple Casual Shoes,12905.jpg
9868,Men,Apparel,Topwear,Tshirts,Navy Blue,Fall,2011.0,Casual,Status Quo Men Navy Blue Polo Tshirts,9868.jpg
28296,Men,Accessories,Eyewear,Sunglasses,Black,Winter,2016.0,Casual,Fastrack Men Sunglasses,28296.jpg
57995,Women,Apparel,Dress,Dresses,Black,Fall,2012.0,Casual,Latin Quarters Women & White Black Dress,57995.jpg
5699,Men,Footwear,Shoes,Casual Shoes,Black,Winter,2015.0,Casual,Skechers Men's Striking Black Shoe,5699.jpg
40922,Boys,Apparel,Topwear,Jackets,Blue,Summer,2012.0,Casual,Gini and Jony Boys Rodeo Blue Jacket,40922.jpg
38838,Women,Apparel,Dress,Dresses,Pink,Fall,2012.0,Casual,Latin Quarters Women Pink & Black Printed Dress,38838.jpg
59033,Women,Footwear,Shoes,Heels,Black,Winter,2012.0,Casual,Carlton London Women Black Heels,59033.jpg
21129,Women,Apparel,Topwear,Tops,Red,Fall,2011.0,Casual,s.Oliver Women Printed Red Top,21129.jpg
56847,Men,Apparel,Bottomwear,Jeans,Blue,Summer,2012.0,Casual,John Players Men Blue Jeans,56847.jpg
37870,Men,Accessories,Wallets,Wallets,Black,Summer,2012.0,Casual,Hidekraft Men Black Wallet,37870.jpg
38004,Women,Accessories,Watches,Watches,Blue,Winter,2016.0,Casual,Q&Q Women Blue Watch,38004.jpg
21915,Women,Apparel,Apparel Set,Kurta Sets,Orange,Fall,2011.0,Ethnic,Biba Women Orange & Purple Printed Churidar Kurta with Dupatta,21915.jpg
25589,Women,Apparel,Apparel Set,Kurta Sets,Green,Fall,2011.0,Ethnic,Vishudh Women Green Churidar Kurta with Dupatta,25589.jpg
4579,Women,Footwear,Shoes,Sports Shoes,Blue,Summer,2011.0,Sports,Nike Women Zoo Blue Shoe,4579.jpg
38236,Unisex,Accessories,Eyewear,Sunglasses,Black,Winter,2016.0,Casual,Polaroid Unisex Sunglasses,38236.jpg
24669,Men,Footwear,Shoes,Casual Shoes,Red,Fall,2011.0,Casual,Converse Men Red Casual Shoes,24669.jpg
56249,Men,Apparel,Loungewear and Nightwear,Night suits,White,Summer,2016.0,Casual,SDL by Sweet Dreams Men White Pyjama Set,56249.jpg
15912,Men,Apparel,Topwear,Shirts,Blue,Fall,2011.0,Formal,Black Coffee Men Stripes Blue Shirt,15912.jpg
49093,Women,Personal Care,Lips,Lip Liner,Mauve,Spring,2017.0,Casual,Deborah 24 Ore Lip Liner 220,49093.jpg
31189,Men,Accessories,Wallets,Wallets,Brown,Summer,2012.0,Casual,Cabarelli Men Brown Wallet,31189.jpg
18631,Men,Apparel,Topwear,Tshirts,Navy Blue,Fall,2011.0,Casual,Puma Men GP Speed Navy Blue Tshirts,18631.jpg
9266,Men,Apparel,Topwear,Shirts,Navy Blue,Fall,2011.0,Casual,Scullers Men Scul Blue Shirts,9266.jpg
50982,Women,Apparel,Loungewear and Nightwear,Robe,Maroon,Summer,2017.0,Casual,Enamor Women Maroon Robe,50982.jpg
28898,Women,Apparel,Innerwear,Briefs,Red,Summer,2014.0,Casual,Enamor Women Red Brief,28898.jpg
48141,Women,Accessories,Wallets,Wallets,Brown,Winter,2016.0,Casual,Fossil Women Brown Wallet,48141.jpg
29176,Boys,Apparel,Bottomwear,Shorts,Khaki,Summer,2012.0,Casual,United Colors of Benetton Boys Khaki Shorts,29176.jpg
26902,Women,Apparel,Topwear,Tops,Lavender,Summer,2012.0,Casual,Jealous 21 Women Printed Lavender Top,26902.jpg
35529,Girls,Footwear,Sandal,Sandals,Orange,Summer,2012.0,Casual,Enroute Teens Orange Sandals,35529.jpg
47109,Boys,Footwear,Shoes,Casual Shoes,White,Fall,2012.0,Casual,Marvel Boys White Shoes,47109.jpg
17679,Women,Footwear,Shoes,Heels,Pink,Winter,2015.0,Casual,Catwalk Women Buckel Pink Flats,17679.jpg
30867,Women,Apparel,Topwear,Kurtas,Blue,Summer,2012.0,Ethnic,Fabindia Women Blue Kurta,30867.jpg
7906,Men,Apparel,Topwear,Tshirts,Black,Fall,2011.0,Casual,Proline Men Black & Navy Striped Polo T-shirt,7906.jpg
19525,Men,Apparel,Topwear,Sweaters,Grey,Fall,2011.0,Casual,United Colors of Benetton Men Check Grey Sweater,19525.jpg
8172,Women,Footwear,Shoes,Heels,Blue,Winter,2015.0,Casual,Catwalk Women Slim Casual Beige Wedges,8172.jpg
48387,Men,Apparel,Bottomwear,Jeans,Blue,Summer,2012.0,Casual,French Connection Men Blue Jeans,48387.jpg
22758,Women,Apparel,Topwear,Kurtas,Blue,Fall,2011.0,Ethnic,BIBA Women Printed Blue Kurta,22758.jpg
50378,Women,Apparel,Bottomwear,Salwar and Dupatta,White,Summer,2012.0,Ethnic,Vishudh Women Red & White Salwar and Dupatta,50378.jpg
28262,Men,Personal Care,Fragrance,Deodorant,Blue,Spring,2017.0,Casual,18+ Men Thrill Deo,28262.jpg
57961,Women,Apparel,Saree,Sarees,Black,Fall,2012.0,Ethnic,Prafful Women Black & Grren Sari,57961.jpg
58115,Women,Accessories,Jewellery,Pendant,Silver,Fall,2012.0,Casual,Rreverie Women Silver Pendant,58115.jpg
37884,Unisex,Accessories,Socks,Socks,Black,Summer,2016.0,Casual,Happy Socks Unisex Black Socks,37884.jpg
20833,Men,Footwear,Shoes,Formal Shoes,Black,Fall,2012.0,Formal,Clarks Men Black Formal Shoes,20833.jpg
39122,Women,Apparel,Bottomwear,Leggings,Blue,Fall,2012.0,Casual,Aneri Women Blue Leggings,39122.jpg
41038,Men,Accessories,Watches,Watches,Brown,Winter,2016.0,Casual,Nautica Men Brown Dial Watch,41038.jpg
58327,Women,Footwear,Flip Flops,Flip Flops,Lavender,Summer,2012.0,Casual,Lotto Women Lavender Flip Flops,58327.jpg
14008,Men,Apparel,Topwear,Tshirts,White,Fall,2011.0,Casual,Nike Men Printed White Tshirts,14008.jpg
44778,Men,Footwear,Shoes,Casual Shoes,Grey,Summer,2012.0,Casual,Lotto Men Grey Skateboard Shoes,44778.jpg
36358,Men,Accessories,Ties,Ties,Red,Summer,2012.0,Formal,Reid & Taylor Men Red Tie,36358.jpg
14834,Men,Accessories,Belts,Belts,Black,Summer,2011.0,Casual,United Colors of Benetton Men Solid Black Belts,14834.jpg
39310,Men,Footwear,Shoes,Casual Shoes,Khaki,Winter,2018.0,Casual,Red Chief Men Khaki Casual Shoes,39310.jpg
49067,Women,Accessories,Bags,Handbags,Olive,Summer,2012.0,Casual,Lino Perros Women Olive Handbag,49067.jpg
8340,Boys,Apparel,Topwear,Tshirts,Black,Fall,2011.0,Casual,Doodle Boy's Volleyball Champion Black White Kidswear,8340.jpg
46813,Girls,Apparel,Bottomwear,Skirts,Pink,Summer,2012.0,Casual,Gini and Jony Girls Pink Skirt,46813.jpg
19717,Men,Apparel,Topwear,Shirts,Blue,Fall,2011.0,Casual,United Colors of Benetton Men Check Blue Shirt,19717.jpg
55438,Women,Personal Care,Lips,Lipstick,Pink,Spring,2017.0,Casual,Revlon Mauve Colorburst Lipstick 005,55438.jpg
27018,Women,Apparel,Bottomwear,Jeans,Blue,Summer,2012.0,Casual,Jealous 21 Women Washed Blue Jeans,27018.jpg
50976,Women,Apparel,Innerwear,Bra,Pink,Summer,2017.0,Casual,Enamor Petal Pink Bra,50976.jpg
29182,Women,Apparel,Topwear,Tunics,White,Summer,2012.0,Casual,United Colors of Benetton Women White Tunics,29182.jpg
31941,Women,Footwear,Shoes,Casual Shoes,Grey,Summer,2012.0,Casual,Nike Women Air Rift Grey Shoes,31941.jpg
7308,Women,Apparel,Topwear,Tops,Blue,Summer,2011.0,Casual,UCB Women's Sleeveless Light Blue Top,7308.jpg
30893,Women,Apparel,Bottomwear,Patiala,White,Summer,2012.0,Ethnic,Fabindia Women Printed White & Blue Patiala,30893.jpg
28050,Men,Apparel,Innerwear,Briefs,Charcoal,Summer,2016.0,Casual,Jockey ELANCE Men Charcoal Pack of 2 Briefs 1009,28050.jpg
48989,Women,Accessories,Jewellery,Ring,Silver,Summer,2012.0,Casual,Lucera Women Silver Ring,48989.jpg
11922,Men,Footwear,Shoes,Formal Shoes,Black,Summer,2012.0,Formal,Franco Leone Men Formal Black Formal Shoes,11922.jpg
59691,Women,Apparel,Innerwear,Bra,Purple,Summer,2014.0,Casual,Avirate Purple Bra,59691.jpg
58743,Men,Apparel,Topwear,Tshirts,Olive,Fall,2012.0,Casual,Puma Men Olive T-shirt,58743.jpg
5807,Women,Apparel,Topwear,Tshirts,Blue,Summer,2011.0,Casual,ADIDAS Women's Tunic Blue T-shirt,5807.jpg
13649,Men,Footwear,Shoes,Casual Shoes,Black,Fall,2011.0,Casual,ADIDAS Black Hydroterra Shandal Casual Shoes,13649.jpg
34857,Men,Footwear,Shoes,Casual Shoes,Black,Summer,2012.0,Casual,Vans Men Classic Slip-On Black Shoes,34857.jpg
22932,Unisex,Accessories,Watches,Watches,Black,Winter,2016.0,Casual,Fastrack Unisex Black Dial Watch 9912PP13,22932.jpg
8724,Men,Apparel,Topwear,Shirts,Red,Fall,2011.0,Casual,Indigo Nation Men Checks Red Shirts,8724.jpg
35985,Women,Apparel,Topwear,Tshirts,Red,Summer,2012.0,Casual,Flying Machine Women Poppy Red T-shirt,35985.jpg
47599,Women,Footwear,Shoes,Flats,Brown,Winter,2012.0,Casual,Portia Women Black Flats,47599.jpg
28434,Women,Accessories,Watches,Watches,White,Winter,2016.0,Casual,DKNY Women White Dial Watch NY8299,28434.jpg
55860,Women,Personal Care,Nails,Nail Polish,Lavender,Spring,2017.0,Casual,Colorbar Pro Dazzling Mauve Nail Lacquer 008,55860.jpg
19141,Men,Footwear,Sandal,Sandals,Black,Fall,2011.0,Casual,Lotto Men Revorb Black Sandals,19141.jpg
49631,Women,Apparel,Dress,Dresses,Cream,Summer,2012.0,Casual,Mineral Cream Dress,49631.jpg
8516,Unisex,Accessories,Bags,Backpacks,Black,Summer,2011.0,Sports,Nike Unisex Ultimatum Max Black Backpacks,8516.jpg
28606,Men,Footwear,Shoes,Sports Shoes,Black,Summer,2012.0,Casual,Nike Men Air Twilight Black Shoes,28606.jpg
34259,Men,Apparel,Bottomwear,Tracksuits,Grey,Summer,2012.0,Sports,Proline Men Grey Tracksuit,34259.jpg
46679,Women,Personal Care,Fragrance,Perfume and Body Mist,Peach,Spring,2017.0,Casual,Rasasi Women Pack of 3 Perfumes,46679.jpg
16109,Men,Accessories,Eyewear,Sunglasses,Brown,Winter,2016.0,Casual,M tv Men My Fab Eyewear Brown Sunglasses,16109.jpg
25925,Women,Apparel,Topwear,Tshirts,Purple,Summer,2012.0,Casual,Femella Women Purple T-Shirt,25925.jpg
5209,Men,Apparel,Topwear,Tshirts,White,Summer,2011.0,Casual,Superman Men's Job Round Neck White T-shirt,5209.jpg
33840,Men,Footwear,Shoes,Casual Shoes,Black,Summer,2012.0,Casual,Puma Men Hypermoto Ducati Black Shoes,33840.jpg
58571,Men,Apparel,Bottomwear,Shorts,Black,Summer,2012.0,Casual,Puma Men Black Shorts,58571.jpg
52877,Women,Apparel,Saree,Sarees,White,Fall,2012.0,Ethnic,FNF Multi Coloured Sari,52877.jpg
39546,Men,Footwear,Flip Flops,Flip Flops,Yellow,Summer,2012.0,Casual,Numero Uno Men Yellow Flip Flops,39546.jpg
25119,Women,Accessories,Bags,Clutches,Black,Winter,2015.0,Casual,Lino Perros Women Gems Black Clutch,25119.jpg
44912,Men,Apparel,Bottomwear,Track Pants,Black,Summer,2012.0,Casual,Puma Men Black Track Pants,44912.jpg
57539,Men,Accessories,Belts,Belts,Olive,Summer,2010.0,Casual,Flying Machine Men Olive Belt,57539.jpg
38494,Boys,Apparel,Topwear,Tshirts,Green,Summer,2012.0,Casual,Gini and Jony Boys United Green T-shirt,38494.jpg
20037,Women,Apparel,Bottomwear,Stockings,Black,Fall,2011.0,Casual,United Colors Of Benetton Women Black Tights,20037.jpg
44572,Men,Footwear,Sandal,Sports Sandals,Black,Summer,2012.0,Casual,Coolers Men Black Sports Sandals,44572.jpg
37080,Women,Accessories,Bags,Handbags,Blue,Summer,2012.0,Casual,Lino Perros Women Blue Handbag,37080.jpg
57959,Women,Apparel,Saree,Sarees,Turquoise Blue,Fall,2012.0,Ethnic,Prafful Turquoise Blue Printed Sari,57959.jpg
4787,Men,Apparel,Bottomwear,Shorts,Black,Summer,2011.0,Sports,ADIDAS Men's Bas Esx Black Short,4787.jpg
52417,Women,Apparel,Loungewear and Nightwear,Night suits,Red,Winter,2015.0,Casual,Red Rose Women Red Pyjama Set,52417.jpg
39926,Unisex,Accessories,Bags,Laptop Bag,Brown,Fall,2012.0,Casual,Tortoise Unisex Brown Laptop Bag,39926.jpg
58911,Men,Accessories,Ties,Ties,Grey,Summer,2012.0,Casual,Hakashi Men Grey Silk Tie,58911.jpg
24497,Women,Apparel,Topwear,Kurtas,Black,Fall,2011.0,Ethnic,Mother Earth Women Black Printed Kurta,24497.jpg
57165,Women,Apparel,Topwear,Tops,Magenta,Summer,2012.0,Casual,Elle Women Magenta Clash Top,57165.jpg
11770,Men,Apparel,Topwear,Tshirts,Blue,Fall,2011.0,Casual,Lee Men Printed Blue Tshirts,11770.jpg
41000,Girls,Apparel,Bottomwear,Shorts,Blue,Summer,2012.0,Casual,Gini and Jony Girls Woven Blue Shorts,41000.jpg
42685,Women,Apparel,Topwear,Kurtas,White,Summer,2012.0,Ethnic,Alma Women White Printed Kurta,42685.jpg
55632,Women,Footwear,Shoes,Heels,Black,Winter,2015.0,Casual,Catwalk Women Black Flats,55632.jpg
13027,Women,Footwear,Shoes,Heels,Gold,Winter,2012.0,Casual,Inc 5 Women Casual Gold Flats,13027.jpg
27212,Men,Apparel,Topwear,Shirts,Blue,Summer,2012.0,Casual,Doodle Kids Boy Striped Blue Shirt,27212.jpg
43757,Women,Accessories,Jewellery,Bangle,White,Fall,2012.0,Casual,Royal Diadem Set of 2 White Bangles,43757.jpg
22760,Women,Apparel,Topwear,Kurtas,Blue,Fall,2011.0,Ethnic,BIBA Women Solid Navy Blue Kurta,22760.jpg
16555,Men,Apparel,Topwear,Tshirts,Navy Blue,Fall,2011.0,Casual,Basics Men Navy Printed Polo T-shirt,16555.jpg
8976,Men,Footwear,Shoes,Sports Shoes,White,Fall,2011.0,Sports,Puma Men SL Tech Lo SF White Sports Shoes,8976.jpg
7102,Unisex,Accessories,Bags,Backpacks,Orange,Winter,2015.0,Casual,Wildcraft Unisex Orange & Grey Backpack,7102.jpg
34605,Men,Apparel,Innerwear,Briefs,Black,Summer,2016.0,Casual,Hanes Men Black Boxer Brief,34605.jpg
50340,Women,Apparel,Topwear,Kurtis,Brown,Summer,2012.0,Ethnic,Aurelia Women Brown Printed Kurti,50340.jpg
55400,Women,Personal Care,Makeup,Kajal and Eyeliner,Charcoal,Spring,2017.0,Casual,Revlon Grow Luscious Graphite Eye Liner,55400.jpg
3790,Men,Footwear,Shoes,Casual Shoes,Black,Summer,2014.0,Casual,Converse Men's AS Canvas HI Black Shoe,3790.jpg
8378,Girls,Apparel,Topwear,Tshirts,Green,Fall,2011.0,Casual,Doodle Girl's Princess Lime Kidswear,8378.jpg
30097,Men,Accessories,Watches,Watches,Black,Winter,2016.0,Casual,Ed Hardy Men Black Dial Watch,30097.jpg
2642,Men,Footwear,Shoes,Formal Shoes,Black,Fall,2010.0,Formal,Carlton London Men Semi Formal Black Shoe,2642.jpg
43565,Unisex,Accessories,Bags,Backpacks,Black,Summer,2012.0,Casual,Puma Unisex Black Echo Backpack,43565.jpg
28854,Men,Apparel,Topwear,Tshirts,Lavender,Summer,2012.0,Casual,Proline Men Mauve T-shirt,28854.jpg
13215,Men,Footwear,Shoes,Sports Shoes,Grey,Spring,2012.0,Sports,ASICS Men Gel Enduro 7 Running Silver Sports Shoes,13215.jpg
27020,Women,Apparel,Bottomwear,Jeans,Navy Blue,Summer,2012.0,Casual,Jealous 21 Women Navy Blue Jeans,27020.jpg
46017,Women,Apparel,Topwear,Kurtas,Orange,Summer,2012.0,Ethnic,Fabindia Women Orange Printed Kurta,46017.jpg
7330,Men,Footwear,Sandal,Sandals,Black,Summer,2013.0,Casual,Red Tape Men Strappy Black Floater,7330.jpg
49863,Girls,Accessories,Watches,Watches,Pink,Winter,2016.0,Casual,Q&Q Kids Girls Pink Digital Watch,49863.jpg
16767,Women,Accessories,Bags,Handbags,Brown,Winter,2015.0,Casual,Spice Art Women Spacious Brown Handbag,16767.jpg
31979,Men,Footwear,Shoes,Sports Shoes,Grey,Summer,2012.0,Sports,Nike Men Lunarswift +3 Grey Sports Shoes,31979.jpg
50172,Women,Footwear,Shoes,Flats,Green,Winter,2012.0,Casual,Rocia Women Multi- Coloured Shoes,50172.jpg
28068,Men,Apparel,Innerwear,Trunk,Navy Blue,Summer,2016.0,Casual,Jockey ELANCE Men Navy Blue Elance Brief 1015,28068.jpg
23480,Men,Accessories,Scarves,Scarves,Grey,Summer,2012.0,Casual,Arrow Men Grey Check Scarf,23480.jpg
44740,Men,Footwear,Shoes,Casual Shoes,White,Summer,2012.0,Casual,Globalite Men White Terra Shoes,44740.jpg
5467,Men,Footwear,Shoes,Sports Shoes,Black,Summer,2011.0,Sports,Nike Men's Elite Black Shoe,5467.jpg
20205,Men,Apparel,Topwear,Sweatshirts,Grey,Fall,2011.0,Casual,Wrangler Men Flock Print Grey Sweatshirt,20205.jpg
14030,Women,Apparel,Topwear,Tshirts,White,Fall,2011.0,Casual,Nike Women Printed White Tshirts,14030.jpg
36360,Men,Accessories,Ties,Ties,Gold,Summer,2012.0,Formal,Reid & Taylor Men Gold Tie,36360.jpg
45692,Women,Personal Care,Fragrance,Perfume and Body Mist,Pink,Spring,2017.0,Casual,TOUS Women Leau Eau De Parfum 90 ml,45692.jpg
57357,Women,Apparel,Innerwear,Bra,Black,Winter,2015.0,Casual,Amante Black Printed Push-Up Bra BGSS01,57357.jpg
10490,Men,Apparel,Topwear,Shirts,Navy Blue,Fall,2011.0,Casual,Flying Machine Men HS Blue Shirts,10490.jpg
33612,Women,Accessories,Wallets,Wallets,Green,Summer,2012.0,Casual,Lino Perros Women Green Wallet,33612.jpg
39328,Girls,Apparel,Bottomwear,Shorts,Green,Summer,2012.0,Casual,Gini and Jony Girls Green Shorts,39328.jpg
41232,Men,Footwear,Shoes,Sports Shoes,White,Summer,2012.0,Sports,Puma Men White Aquil Sports Shoes,41232.jpg
11542,Women,Apparel,Topwear,Kurtas,Beige,Summer,2011.0,Ethnic,W Women Printed  Beige Kurtas,11542.jpg
56285,Women,Apparel,Innerwear,Bra,Black,Winter,2015.0,Casual,Biara Women Black Bra,56285.jpg
25777,Men,Apparel,Topwear,Suspenders,Brown,Summer,2012.0,Formal,Arrow Men Brown Suspenders,25777.jpg
2226,Women,Apparel,Bottomwear,Track Pants,Black,Fall,2010.0,Sports,ADIDAS Women Black Tracksuit,2226.jpg
43101,Men,Personal Care,Fragrance,Fragrance Gift Set,Red,Spring,2017.0,Casual,Reebok Men Reeplay Perfume & Deodorant Set,43101.jpg
18299,Women,Apparel,Topwear,Kurtas,Black,Fall,2011.0,Ethnic,Aneri Women Zeenat Black Kurta,18299.jpg
13671,Unisex,Apparel,Bottomwear,Jeans,Blue,Fall,2011.0,Casual,Levis Kids Blue Solid Jean,13671.jpg
27444,Women,Apparel,Topwear,Tshirts,Black,Fall,2015.0,Casual,Jockey Women Black T-shirt,27444.jpg
26596,Men,Footwear,Shoes,Sports Shoes,Black,Summer,2015.0,Sports,Puma Men Jago Ripstop Black Sports Shoes,26596.jpg
55064,Women,Personal Care,Lips,Lipstick,Brown,Spring,2017.0,,Lakme Enrich Satins Lipstick 265,55064.jpg
50516,Men,Apparel,Innerwear,Trunk,Navy Blue,Winter,2016.0,Casual,Chromozome Men Navy Blue Trunks,50516.jpg
6686,Men,Apparel,Topwear,Tshirts,Red,Summer,2011.0,Casual,UCB Men's Big Ben Logo Red T-shirt,6686.jpg
34053,Boys,Apparel,Bottomwear,Capris,Yellow,Summer,2012.0,Casual,Gini and Jony Boys Yellow 3/4 Length Pants,34053.jpg
46473,Men,Accessories,Watches,Watches,Silver,Winter,2016.0,Casual,Timex Men Sliver Dial Watch,46473.jpg
7754,Men,Footwear,Shoes,Casual Shoes,Black,Fall,2011.0,Casual,Fila Men's Agony Black Red Shoe,7754.jpg
55858,Women,Personal Care,Nails,Nail Polish,Brown,Spring,2017.0,Casual,Colorbar Pro Flirt Nail Lacquer 013,55858.jpg
35181,Unisex,Accessories,Bags,Backpacks,Blue,Summer,2015.0,Casual,Wildcraft Unisex Blue Backpack,35181.jpg
22136,Men,Footwear,Shoes,Formal Shoes,Black,Fall,2012.0,Formal,Provouge Men Black Formal Shoes,22136.jpg
16303,Men,Apparel,Topwear,Shirts,Navy Blue,Fall,2011.0,Casual,Peter England Men Check Navy Blue Shirt,16303.jpg
15586,Men,Apparel,Topwear,Sweatshirts,Green,Fall,2011.0,Casual,Proline Men Green Printed Sweatshirt,15586.jpg
36704,Men,Personal Care,Fragrance,Perfume and Body Mist,Grey,Spring,2017.0,Casual,Burberry London Men Special Edition Perfume,36704.jpg
5003,Women,Apparel,Bottomwear,Shorts,Blue,Summer,2011.0,Casual,Gini and Jony Girl's Arella Blue Kidswear,5003.jpg
14454,Women,Footwear,Shoes,Heels,Taupe,Summer,2012.0,Casual,Enroute Women Casual Taupe Casual Heels,14454.jpg
53393,Women,Apparel,Topwear,Kurtas,Beige,Fall,2012.0,Ethnic,Alma Women Printed Beige Kurta,53393.jpg
11126,Women,Apparel,Bottomwear,Track Pants,Blue,Fall,2011.0,Sports,Urban Yoga Women Solid Blue Track Pants,11126.jpg
25313,Men,Accessories,Watches,Watches,Black,Winter,2016.0,Casual,Casio Youth Series Men Digital Watch AE-1100W-1AVDF(D085),25313.jpg
57733,Women,Personal Care,Lips,Lip Care,Brown,Spring,2017.0,,Lotus Herbals Cocoa Lip Balm,57733.jpg
40784,Men,Footwear,Flip Flops,Flip Flops,Blue,Summer,2012.0,Casual,Quiksilver Men Blue Flip Flops,40784.jpg
36536,Women,Accessories,Bags,Handbags,Blue,Summer,2012.0,Casual,United Colors of Benetton Women Blue Sling Bag,36536.jpg
52073,Men,Apparel,Topwear,Tshirts,Grey,Summer,2012.0,Casual,Myntra Men Grey & Red T-shirt,52073.jpg
58549,Women,Accessories,Eyewear,Sunglasses,Black,Winter,2016.0,Casual,Miami Blues Women Sunglasses,58549.jpg
14666,Men,Apparel,Topwear,Shirts,Red,Fall,2011.0,Casual,Basics Men Red Slim Fit Checked Shirt,14666.jpg
33878,Men,Accessories,Watches,Watches,Silver,Winter,2016.0,Casual,Citizen Men Silver Dial Watch,33878.jpg
44116,Men,Personal Care,Fragrance,Perfume and Body Mist,Orange,Spring,2017.0,Casual,Boss Men Made For Summer Perfume,44116.jpg
5231,Men,Apparel,Topwear,Tshirts,Navy Blue,Summer,2011.0,Casual,Classic Polo Men's Cari Navy Polo T-shirt,5231.jpg
25121,Women,Accessories,Bags,Clutches,Black,Winter,2015.0,Casual,Lino Perros Women Gem Ring Black Clutch,25121.jpg
32196,Men,Apparel,Topwear,Kurtas,Blue,Summer,2012.0,Ethnic,Fabindia Men Printed Blue Kurta,32196.jpg
33044,Women,Apparel,Topwear,Kurtas,Blue,Summer,2012.0,Ethnic,Mother Earth Women Printed Blue Kurta,33044.jpg
57501,Men,Footwear,Sandal,Sandals,Beige,Summer,2012.0,Casual,Lee Cooper Men Light cocoa Sandals,57501.jpg
54384,Women,Accessories,Bags,Handbags,Olive,Fall,2012.0,Casual,Baggit Women Olive Green Handbag,54384.jpg
13443,Women,Apparel,Topwear,Tops,White,Summer,2011.0,Casual,United Colors of Benetton Women Solid White Tops,13443.jpg
2014,Men,Apparel,Topwear,Tshirts,Yellow,Fall,2010.0,Sports,ADIDAS Men's Classic Yellow Polo T-shirt,2014.jpg
43333,Women,Accessories,Bags,Handbags,Brown,Summer,2012.0,Casual,Murcia Women Brown Handbag,43333.jpg
49609,Women,Footwear,Shoes,Heels,Brown,Winter,2015.0,Casual,Catwalk Women Brown Heels,49609.jpg
31713,Women,Accessories,Jewellery,Earrings,Silver,Winter,2016.0,Ethnic,Fabindia Women Anusuya Silver Earrings,31713.jpg
12591,Unisex,Apparel,Topwear,Tshirts,Blue,Fall,2011.0,Casual,Tantra Unisex Printed Blue Tshirts,12591.jpg
55256,Women,Personal Care,Makeup,Kajal and Eyeliner,Black,Summer,2019.0,Casual,Lakme Absolute Forever Silk Blacklast Eye Liner,55256.jpg
18897,Women,Apparel,Dress,Dresses,Green,Fall,2011.0,Casual,Arrow Woman Solid Green Dress,18897.jpg
34261,Boys,Apparel,Topwear,Tshirts,Red,Summer,2012.0,Casual,Gini and Jony Boys Printed Red T-shirt,34261.jpg
50724,Girls,Apparel,Dress,Dresses,Blue,Summer,2012.0,Casual,Doodle Girls Blue Washed Dress,50724.jpg
2828,Men,Footwear,Shoes,Casual Shoes,Blue,Summer,2012.0,Casual,Lee Cooper Men's LC Casual Denim Blue Shoe,2828.jpg
22304,Women,Footwear,Shoes,Heels,Beige,Winter,2012.0,Casual,Inc. 5 Women Casual Beige Heels,22304.jpg
16131,Women,Apparel,Topwear,Tshirts,Red,Fall,2011.0,Casual,Tokyo Talkies Women Printed Red T-shirt,16131.jpg
46641,Women,Personal Care,Fragrance,Deodorant,Grey,Spring,2017.0,Casual,Rasasi Women Hope Deo,46641.jpg
7566,Men,Apparel,Topwear,Tshirts,Black,Summer,2011.0,Sports,Nike Men's As Kobe Comic Black T-shirt,7566.jpg
19945,Women,Accessories,Bags,Handbags,Purple,Fall,2011.0,Casual,Nike Women Casual Purple Handbag,19945.jpg
13685,Men,Footwear,Shoes,Casual Shoes,Black,Fall,2011.0,Casual,ADIDAS Men Dash Casual Shoes,13685.jpg
54142,Women,Footwear,Shoes,Heels,Beige,Winter,2012.0,Casual,Rocia Women Beige Sandals,54142.jpg
26562,Men,Footwear,Shoes,Casual Shoes,Brown,Fall,2012.0,Casual,Lee Cooper Men Brown Shoes,26562.jpg
55090,Women,Personal Care,Skin,Face Moisturisers,Silver,Spring,2017.0,Casual,Pond's Flawless White Visible Lightening Daily Cream,55090.jpg
12757,Men,Apparel,Topwear,Tshirts,Blue,Fall,2011.0,Casual,Spykar Men Printed Blue T-Shirts,12757.jpg
42027,Women,Footwear,Shoes,Sports Shoes,Black,Fall,2012.0,Sports,ADIDAS Women Sukoi Black Sports Shoes,42027.jpg
3300,Men,Footwear,Shoes,Sports Shoes,Black,Spring,2011.0,Sports,Asics Men's Gel Cushioning Black Yellow Shoe,3300.jpg
17225,Men,Accessories,Eyewear,Sunglasses,Blue,Winter,2016.0,Casual,United Colors of Benetton Men Funky Eyewear Blue Sunglasses,17225.jpg
6672,Women,Footwear,Shoes,Casual Shoes,White,Summer,2011.0,Casual,Nike Women Dunk Skinny White Red Shoe,6672.jpg
47555,Women,Footwear,Shoes,Heels,White,Winter,2012.0,Casual,Portia Women White Heels,47555.jpg
46487,Men,Accessories,Watches,Watches,Silver,Winter,2016.0,Casual,Timex Men Sliver Dial Chronograph Watch,46487.jpg
51430,Men,Apparel,Topwear,Shirts,White,Summer,2012.0,Casual,Myntra Men Navy Blue & Orange Check Shirt,51430.jpg
15572,Boys,Apparel,Topwear,Tshirts,Orange,Fall,2011.0,Casual,Chhota Bheem Kids Boys Warrior Bheem TShirt,15572.jpg
21747,Unisex,Footwear,Shoes,Casual Shoes,Black,Fall,2011.0,Casual,Vans Unisex  Era Black Casual Shoes,21747.jpg
4125,Men,Apparel,Topwear,Tshirts,Orange,Summer,2011.0,Sports,Lotto Men Kochi Tuskers Authentic Orange Jersey,4125.jpg
45202,Men,Accessories,Watches,Watches,Black,Winter,2016.0,Casual,Casio Enticer Men Black Marine Sports Watch MTD-1069D-1AVDF(A657),45202.jpg
37622,Boys,Apparel,Topwear,Tshirts,Red,Summer,2012.0,Casual,Madagascar3 Boys Red Printed T-Shirt,37622.jpg
20695,Men,Footwear,Shoes,Casual Shoes,Blue,Winter,2011.0,Casual,Buckaroo Men Bello Blue Casual Shoes,20695.jpg
53367,Unisex,Accessories,Bags,Backpacks,Pink,Summer,2012.0,Casual,Puma Unisex Pink Backpack,53367.jpg
32350,Men,Accessories,Watches,Watches,Black,Winter,2016.0,Casual,Q&Q Men Black Dial Watch,32350.jpg
56615,Women,Personal Care,Makeup,Highlighter and Blush,Rose,Spring,2017.0,Casual,Streetwear Stay On Mineral Rose Swirl Blusher,56615.jpg
4919,Women,Apparel,Topwear,Tops,Pink,Summer,2011.0,Casual,Gini and Jony Girl's Veeya Pink Kidswear,4919.jpg
10000,Women,Apparel,Bottomwear,Skirts,White,Summer,2011.0,Casual,Palm Tree Girls Sp Jace Sko White Skirts,10000.jpg
4317,Unisex,Apparel,Topwear,Tshirts,Red,Summer,2011.0,Casual,Tantra Kid's Unisex Kya Boss Red Kidswear,4317.jpg
45030,Men,Accessories,Watches,Watches,Black,Winter,2016.0,Casual,Maxima Men Black Watch,45030.jpg
15740,Women,Footwear,Shoes,Sports Shoes,Grey,Fall,2011.0,Sports,Nike Women Air Relentless Grey Sports Shoes,15740.jpg
52087,Women,Apparel,Topwear,Tshirts,Yellow,Summer,2012.0,Casual,Myntra Women Yellow T-shirt,52087.jpg
21575,Men,Accessories,Socks,Socks,Multi,Winter,2015.0,Casual,Lino Perros Men Pack of Five Striped Socks,21575.jpg
37410,Women,Accessories,Bags,Handbags,Green,Summer,2012.0,Casual,Murcia Women Envelope Green Handbag,37410.jpg
56427,Women,Personal Care,Eyes,Eyeshadow,Bronze,Spring,2017.0,Casual,Streetwear Groovy Baby Eye Shadow,56427.jpg
32162,Women,Accessories,Socks,Socks,Black,Summer,2017.0,Casual,Playboy Women Playmate Black Ankle Socks,32162.jpg
40542,Women,Accessories,Watches,Watches,Gold,Winter,2016.0,Casual,Titan Women Gold Watch,40542.jpg
38458,Women,Accessories,Bags,Handbags,Orange,Summer,2012.0,Casual,Baggit Women Orange Sling Bag,38458.jpg
27682,Women,Accessories,Bags,Handbags,Black,Winter,2015.0,Casual,Murcia Women Black Handbag,27682.jpg
9408,Women,Accessories,Eyewear,Sunglasses,Blue,Winter,2016.0,Casual,Fastrack Women Sunglasses,9408.jpg
30635,Men,Apparel,Topwear,Tshirts,Blue,Summer,2012.0,Casual,Nike Men Basic Crew Blue T-shirt,30635.jpg
42215,Women,Apparel,Topwear,Tops,Green,Summer,2012.0,Casual,Sepia Women Teal Top,42215.jpg
3132,Men,Apparel,Topwear,Tshirts,Multi,Fall,2010.0,Casual,DUSG Men's Tadoba Organic Cotton Cappuccino T-shirt,3132.jpg
34295,Women,Apparel,Topwear,Dupatta,Orange,Summer,2012.0,Ethnic,Fabindia Orange Silk Dupatta,34295.jpg
18863,Men,Apparel,Topwear,Sweatshirts,Red,Fall,2011.0,Casual,Puma Men Heritage Red Sweatshirt,18863.jpg
6440,Men,Footwear,Shoes,Casual Shoes,Black,Summer,2011.0,Casual,Lotto Men's Calcetto Black Brown Shoe,6440.jpg
17017,Women,Footwear,Shoes,Flats,Black,Winter,2012.0,Casual,Rocia Women Casual Brown Sandal,17017.jpg
23222,Women,Apparel,Topwear,Kurtas,Red,Fall,2011.0,Ethnic,Aneri Women Freya Red Kurta,23222.jpg
51602,Women,Apparel,Bottomwear,Jeans,Blue,Fall,2012.0,Casual,Wrangler Women Blue Molly Jeans,51602.jpg
7592,Men,Footwear,Shoes,Sports Shoes,Blue,Summer,2011.0,Sports,Nike Men's Dunk Low Blue Shoe,7592.jpg
53531,Women,Apparel,Innerwear,Briefs,Pink,Summer,2017.0,Casual,Amante Women Pink Bikini Briefs PCLR02,53531.jpg
44586,Men,Apparel,Bottomwear,Jeans,Blue,Summer,2017.0,Casual,Lee Men Tino Blue Jeans,44586.jpg
37074,Women,Accessories,Bags,Handbags,Black,Summer,2012.0,Casual,Lino Perros Women Black Handbag,37074.jpg
4773,Women,Apparel,Bottomwear,Capris,Blue,Summer,2011.0,Sports,ADIDAS Women 3S Blue Capri,4773.jpg
15324,Men,Apparel,Topwear,Sweatshirts,White,Fall,2011.0,Sports,Nike Men Printed White Sweatshirts,15324.jpg
21111,Women,Apparel,Topwear,Tops,Purple,Fall,2011.0,Casual,s.Oliver Women Check Purple Top,21111.jpg
40126,Boys,Apparel,Bottomwear,Shorts,White,Summer,2012.0,Casual,Gini and Jony Boys Boxer White Shorts,40126.jpg
24463,Men,Footwear,Shoes,Casual Shoes,Brown,Fall,2012.0,Casual,Numero Uno Men Brown Casual Shoes,24463.jpg
10656,Women,Apparel,Topwear,Tops,Pink,Fall,2011.0,Casual,Doodle Girl Little frock Pink Tops,10656.jpg
37848,Men,Accessories,Wallets,Wallets,Black,Summer,2012.0,Casual,Hidekraft Men Black Wallet,37848.jpg
57191,Women,Apparel,Topwear,Tops,White,Summer,2012.0,Casual,Elle Women White Top,57191.jpg
56043,Women,Personal Care,Lips,Lipstick,Purple,Spring,2017.0,Casual,Colorbar Keep Blushing Full Finish Longwear Lipstick 08,56043.jpg
11784,Women,Apparel,Topwear,Tshirts,Black,Summer,2011.0,Casual,Lee Women Solid Black Tshirts,11784.jpg
32506,Men,Footwear,Sandal,Sandals,Brown,Summer,2013.0,Casual,Franco Leone Men Brown Sandals,32506.jpg
49299,Women,Accessories,Socks,Socks,Beige,Summer,2016.0,Casual,Arrow Women Pack Of 5 Socks,49299.jpg
42671,Women,Apparel,Topwear,Kurtas,Green,Summer,2012.0,Ethnic,Alma Women Green Kurta,42671.jpg
3556,Men,Footwear,Shoes,Casual Shoes,Brown,Winter,2015.0,Casual,Skechers Men Dark Brown Lifestyle Shoe,3556.jpg
26334,Women,Accessories,Watches,Watches,Black,Winter,2016.0,Casual,DKNY Women Black Dial Watch NY4951,26334.jpg
12101,Women,Apparel,Topwear,Kurtas,Pink,Fall,2011.0,Ethnic,W Women Printed Pink Kurtas,12101.jpg
54714,Women,Apparel,Apparel Set,Kurta Sets,Charcoal,Summer,2012.0,Ethnic,Shree Women Charcoal Grey & Sea Green Printed Salwar Suit with Dupatta,54714.jpg
6818,Men,Footwear,Flip Flops,Flip Flops,Red,Summer,2011.0,Casual,Timberland Men's Grn Thng Red Flip Flop,6818.jpg
2484,Women,Apparel,Topwear,Tshirts,White,Fall,2010.0,Sports,Puma Women Spagetti White Top,2484.jpg
30251,Men,Footwear,Flip Flops,Flip Flops,Green,Summer,2013.0,Casual,Numero Uno Men Green Flip Flops,30251.jpg
22794,Men,Apparel,Topwear,Tshirts,Navy Blue,Fall,2011.0,Casual,Manchester United Men Navy Blue Tshirt,22794.jpg
8982,Men,Footwear,Shoes,Casual Shoes,White,Fall,2011.0,Casual,Puma Men Evo Ducati Lo White Casual Shoes,8982.jpg
51266,Men,Accessories,Belts,Belts,Black,Summer,2012.0,Casual,Parx Men Black Belt,51266.jpg
6024,Women,Apparel,Topwear,Tshirts,Green,Summer,2011.0,Casual,UCB Women's Boat Neck Chest Print Green T-shirt,6024.jpg
47303,Women,Accessories,Bags,Clutches,Black,Fall,2012.0,Casual,Baggit Women Black Purse,47303.jpg
26106,Men,Apparel,Topwear,Shirts,Purple,Summer,2012.0,Formal,John Miller Men Striped Purple Shirt,26106.jpg
12333,Women,Apparel,Bottomwear,Jeans,Blue,Fall,2011.0,Casual,Spykar Women Ep Jeans Blue Jeans,12333.jpg
3764,Men,Apparel,Topwear,Tshirts,Navy Blue,Summer,2011.0,Casual,Status Quo Men's London Icon Navy T-shirt,3764.jpg
30063,Men,Accessories,Watches,Watches,Grey,Winter,2016.0,Casual,Ed Hardy Men Grey Watch,30063.jpg
48179,Women,Accessories,Bags,Handbags,Green,Winter,2016.0,Casual,Fossil Women Green Handbag,48179.jpg
54526,Men,Footwear,Shoes,Sports Shoes,White,Fall,2012.0,Sports,F Sports Men White Zero Gravity Sports Shoes,54526.jpg
18609,Men,Apparel,Topwear,Tshirts,Red,Fall,2010.0,Casual,Puma Men Polo Red Tshirt,18609.jpg
35511,Men,Footwear,Flip Flops,Flip Flops,Black,Summer,2012.0,Casual,Bata Men Lite Black Flip Flops,35511.jpg
49897,Unisex,Accessories,Watches,Watches,White,Winter,2016.0,Casual,Q&Q Kids Girls White Dial Watch,49897.jpg
16793,Men,Apparel,Topwear,Shirts,Blue,Fall,2011.0,Casual,Highlander Men Check Blue Shirt,16793.jpg
51054,Women,Apparel,Innerwear,Bra,Lavender,Summer,2017.0,Casual,Enamor Lavender Bra,51054.jpg
50186,Women,Accessories,Bags,Handbags,Orange,Summer,2012.0,Casual,Paridhan Women Orange Printed Handbag,50186.jpg
17641,Unisex,Accessories,Headwear,Headband,White,Fall,2013.0,Sports,Puma Unisex Cat White Headband,17641.jpg
23474,Men,Accessories,Scarves,Scarves,Grey,Winter,2015.0,Casual,Lino Perros Men Grey Check Scarf,23474.jpg
48945,Men,Accessories,Jewellery,Ring,Steel,Summer,2013.0,Casual,Revv Men Steel Ring,48945.jpg
6216,Men,Apparel,Topwear,Tshirts,Black,Summer,2011.0,Casual,Lee Men's Printed Black T-shirt,6216.jpg
47131,Women,Accessories,Bags,Handbags,White,Summer,2015.0,Casual,Be For Bag Women Pink Bag,47131.jpg
37246,Men,Footwear,Shoes,Casual Shoes,Charcoal,Summer,2012.0,Casual,United Colors of Benetton Men Charcoal Shoes,37246.jpg
5493,Men,Apparel,Topwear,Tshirts,Grey,Summer,2011.0,Casual,Mr.Men Men's Cool Soft Grey T-shirt,5493.jpg
15116,Men,Apparel,Bottomwear,Trousers,Grey,Fall,2011.0,Formal,Arrow Men TR Finish Grey Trousers,15116.jpg
59239,Men,Accessories,Watches,Watches,White,Winter,2016.0,Casual,Titan Men White Watch,59239.jpg
21323,Men,Accessories,Eyewear,Sunglasses,Black,Winter,2016.0,Casual,Louis Philippe Men Sunglasses LP045-C5,21323.jpg
36394,Men,Accessories,Socks,Socks,Blue,Summer,2016.0,Casual,Reid & Taylor Men Reid & Taylor Blue Socks,36394.jpg
4541,Men,Apparel,Topwear,Tshirts,White,Summer,2011.0,Casual,Classic Polo Men's White T-shirt with Navy Stripes,4541.jpg
24651,Women,Accessories,Bags,Handbags,Beige,Winter,2015.0,Casual,Lino Perros Women Casual Handbag,24651.jpg
10464,Men,Apparel,Topwear,Tshirts,Pink,Fall,2011.0,Casual,Flying Machine Men Mauvemist Pink Tshirts,10464.jpg
40314,Unisex,Footwear,Sandal,Sandals,White,Winter,2013.0,Casual,Warner Bros Kids Unisex White sandals,40314.jpg
56271,Women,Apparel,Innerwear,Bra,Nude,Summer,2017.0,Casual,Biara Women Nude Bra,56271.jpg
25783,Men,Apparel,Topwear,Suspenders,Black,Summer,2012.0,Formal,Arrow Men Black & Beige Suspenders,25783.jpg
27649,Men,Apparel,Topwear,Tshirts,Blue,Summer,2012.0,Casual,Superman Men Printed Blue T-shirt,27649.jpg
16932,Men,Apparel,Topwear,Tshirts,Off White,Fall,2011.0,Casual,Spykar Men Off White Polo Tshirt,16932.jpg
49636,Women,Apparel,Bottomwear,Skirts,Blue,Summer,2012.0,Casual,Mineral Blue & White Skirt,49636.jpg
19146,Men,Apparel,Topwear,Sweatshirts,Grey,Summer,2011.0,Casual,United Colors of Benetton Men Solid Grey Sweatshirt,19146.jpg
55269,Women,Personal Care,Makeup,Kajal and Eyeliner,Black,Summer,2019.0,Casual,Lakme Absolute Shine Line Black Eye Liner,55269.jpg
2817,Men,Footwear,Shoes,Casual Shoes,Black,Summer,2012.0,Casual,Lee Cooper Men's Casual Leather Black Shoe,2817.jpg
7559,Men,Apparel,Topwear,Tshirts,Black,Summer,2011.0,Sports,Nike Men's Black Polo T-shirt,7559.jpg
25922,Women,Apparel,Topwear,Tshirts,Navy Blue,Summer,2012.0,Casual,Femella Women Navy Blue T-shirt,25922.jpg
36509,Women,Accessories,Bags,Handbags,Brown,Summer,2012.0,Casual,United Colors of Benetton Women Brown Handbag,36509.jpg
58576,Women,Apparel,Topwear,Tshirts,Yellow,Summer,2012.0,Casual,Puma Women Yellow T-shirt,58576.jpg
14659,Men,Apparel,Bottomwear,Trousers,Khaki,Fall,2011.0,Casual,Probase Men Solid LT.Khaki Trousers,14659.jpg
33847,Men,Footwear,Shoes,Casual Shoes,White,Summer,2012.0,Casual,Puma Men Future Cat White Shoes,33847.jpg
39541,Women,Apparel,Innerwear,Bra,Maroon,Winter,2015.0,Casual,Bwitch Maroon Bra,39541.jpg
38493,Boys,Apparel,Topwear,Tshirts,Blue,Summer,2012.0,Casual,Gini and Jony Boys Core Blue T-shirt,38493.jpg
40589,Women,Apparel,Topwear,Kurtas,White,Summer,2012.0,Ethnic,Aurelia Women Printed White Kurta,40589.jpg
44915,Men,Apparel,Topwear,Tshirts,Blue,Summer,2012.0,Casual,Puma Men Blue T-shirt,44915.jpg
59696,Women,Apparel,Innerwear,Briefs,Cream,Summer,2014.0,Casual,Avirate Cream Brief,59696.jpg
11925,Women,Footwear,Shoes,Flats,Black,Winter,2015.0,Casual,Skechers Women Tone Black Sandals,11925.jpg
58744,Men,Apparel,Topwear,Tshirts,Burgundy,Summer,2012.0,Casual,Puma Men Burgundy T-shirt,58744.jpg
41669,Women,Footwear,Shoes,Heels,Silver,Winter,2012.0,Casual,Catwalk Women Silver Heels,41669.jpg
39773,Men,Apparel,Topwear,Shirts,Navy Blue,Summer,2012.0,Casual,Peter England Men Navy Blue Casual Shirt,39773.jpg
11119,Men,Apparel,Topwear,Shirts,White,Fall,2011.0,Formal,Indigo Nation Men Solid White Shirts,11119.jpg
5800,Men,Apparel,Topwear,Tshirts,Black,Summer,2011.0,Casual,ADIDAS Men's Chat Black T-shirt,5800.jpg
33249,Men,Apparel,Topwear,Shirts,White,Summer,2012.0,Formal,Arrow Men Blue Striped Shirt,33249.jpg
2219,Men,Footwear,Shoes,Casual Shoes,Black,Fall,2010.0,Casual,ADIDAS Men's Black Shoe,2219.jpg
34850,Men,Footwear,Shoes,Sports Shoes,White,Summer,2012.0,Sports,ADIDAS Men Falcon Elite White Sports Shoes,34850.jpg
54189,Men,Apparel,Innerwear,Briefs,Red,Summer,2016.0,Casual,Jockey MC Men Red Pack of 2 Briefs 8003,54189.jpg
35982,Women,Apparel,Topwear,Tshirts,Grey,Summer,2012.0,Casual,Flying Machine Women Grey T-shirt,35982.jpg
8723,Men,Apparel,Topwear,Shirts,White,Fall,2011.0,Casual,Indigo Nation Men Striped Yellow Shirt,8723.jpg
22935,Women,Accessories,Watches,Watches,Red,Winter,2016.0,Casual,Fastrack Women Red Casual Watch,22935.jpg
28433,Women,Accessories,Watches,Watches,Beige,Winter,2016.0,Formal,DKNY Women Beige Dial Watch NY8308,28433.jpg
55867,Women,Personal Care,Nails,Nail Polish,Pink,Spring,2017.0,Casual,Colorbar Oh My Magenta 2 Nail Lacquer 85V,55867.jpg
22109,Men,Footwear,Shoes,Sports Shoes,White,Fall,2011.0,Sports,Reebok Men White Acciomax II Sports Shoes,22109.jpg
5458,Men,Apparel,Bottomwear,Track Pants,Navy Blue,Summer,2011.0,Sports,Nike Men Training Knit Navy Blue Track Pant,5458.jpg
58320,Men,Accessories,Socks,Socks,White,Summer,2016.0,Sports,Jockey LCESCBRA Men White Pack of 3 Socks 2004,58320.jpg
57368,Women,Apparel,Innerwear,Briefs,Brown,Winter,2015.0,Casual,Amante Women Brown Briefs PCLR02,57368.jpg
14833,Men,Accessories,Belts,Belts,Brown,Summer,2011.0,Casual,United Colors of Benetton Men Solid Brown Belts,14833.jpg
39317,Boys,Apparel,Topwear,Tshirts,White,Summer,2012.0,Casual,Gini and Jony Boys Printed White T-shirt,39317.jpg
25748,Men,Accessories,Belts,Belts,Brown,Winter,2015.0,Casual,Lino Perros Men Leather Brown Belt,25748.jpg
46814,Girls,Apparel,Bottomwear,Skirts,Pink,Summer,2012.0,Casual,Gini and Jony Girls Pink Skirt,46814.jpg
49060,Men,Footwear,Shoes,Casual Shoes,Black,Summer,2012.0,Casual,Flying Machine Men Black Shoes,49060.jpg
50971,Women,Apparel,Innerwear,Bra,White,Summer,2017.0,Casual,Enamor White Classique Bra,50971.jpg
16758,Women,Accessories,Bags,Handbags,White,Winter,2015.0,Casual,Spice Art Women Double Handle Shimmer Handbags,16758.jpg
31946,Men,Footwear,Shoes,Casual Shoes,Grey,Summer,2012.0,Casual,Nike Men Avid Grey Shoes,31946.jpg
28057,Men,Apparel,Innerwear,Briefs,Black,Summer,2016.0,Casual,Jockey ELANCE Men Black Pack of 2 Briefs 1010,28057.jpg
30894,Women,Apparel,Bottomwear,Patiala,White,Summer,2012.0,Ethnic,Fabindia Women Printed White & Blue Patiala,30894.jpg
34408,Men,Apparel,Topwear,Tshirts,Black,Summer,2012.0,Casual,Myntra Men Black Printed T-shirt,34408.jpg
8175,Women,Footwear,Shoes,Heels,Brown,Winter,2015.0,Casual,Catwalk Women Casual Brown Flats,8175.jpg
7901,Men,Apparel,Topwear,Tshirts,Cream,Fall,2011.0,Casual,Proline Men's Printed Chalk Cream Brown T-shirt,7901.jpg
19522,Men,Apparel,Topwear,Sweaters,Navy Blue,Fall,2011.0,Casual,United Colors of Benetton Men Check Navy Blue Sweater,19522.jpg
13018,Women,Footwear,Shoes,Heels,Black,Winter,2012.0,Casual,Inc 5 Women Casual Black Flats,13018.jpg
48380,Men,Apparel,Bottomwear,Trousers,Black,Summer,2012.0,Casual,French Connection Men Charcoal Trousers,48380.jpg
